"%1","%1",module,Magento_Sales
"""%1"" coupon code is not valid.","Le bon de réduction ""%1"" n'est pas valide.",module,Magento_Sales
"""%1"" coupon code was not applied. Do not apply discount is selected for item(s)","Le bon de réduction ""%1"" n'a pas été appliqué. Ne pas appliquer la réduction sur les articles sélectionnés",module,Magento_Sales
"%1 for %2","%1 pour %2",module,Magento_Sales
"%1 order(s) cannot be canceled.","%1 commandes ne peuvent être annulées.",module,Magento_Sales
"%1 order(s) have been released from on hold status.","%1 commandes ont bien été débloquées.",module,Magento_Sales
"%1 order(s) were not put on hold.","%1 commandes n'ont pas été bloquées.",module,Magento_Sales
"%1 order(s) were not released from on hold status.","%1 commandes n'ont pas été bloquées.",module,Magento_Sales
"%1 with %2 discount each","%1 avec %2 de reduction chacun",module,Magento_Sales
"%1 / %2 rate:","Taux %1 / %2:",module,Magento_Sales
"About Your Invoice","À propos de votre facture",module,Magento_Sales
"About Your Order","À propos de votre commande",module,Magento_Sales
"About Your Refund","À propos de votre remboursement",module,Magento_Sales
"Accept Payment","Acceptez le paiement",module,Magento_Sales
"Account Information","Informations du Compte",module,Magento_Sales
"Action","Action",module,Magento_Sales
"Actions","Actions",module,Magento_Sales
"Add New Address","Ajouter une Nouvelle Adresse",module,Magento_Sales
"Add Order Comments","Ajouter des commentaires de commande",module,Magento_Sales
"Add Products","Ajouter des produits",module,Magento_Sales
"Address","Adresse",module,Magento_Sales
"Address Information","Informations d'adresse",module,Magento_Sales
"Add Selected Product(s) to Order","Ajouter les produits sélectionnés à la commande",module,Magento_Sales
"Add to Cart","Ajouter au panier",module,Magento_Sales
"Add To Order","Ajouter à la Commande",module,Magento_Sales
"Adjustment Fee","Frais de dossier",module,Magento_Sales
"Adjustment Refund","Remboursement des frais de dossier",module,Magento_Sales
"A hold action is not available.","L'action de blocage n'est pas disponible.",module,Magento_Sales
"Allow Reorder","Autoriser le renouvellement de commande",module,Magento_Sales
"All Store Views","Toutes les Vues Magasin",module,Magento_Sales
"Amount: %1.","Montant: %1.",module,Magento_Sales
"Amount","Montant",module,Magento_Sales
"An amount of %1 will be captured after being approved at the payment gateway.","Un montant de %1 sera capturé après l’approbation de la passerelle de paiement.",module,Magento_Sales
"Anchor Custom Title","Présenter un titre personnalisé",module,Magento_Sales
"An error occurred while assigning order status. Status has not been assigned.","Erreur lors de l'assignation du statut de commande. Le statut n'a pas pu être assigné.",module,Magento_Sales
"An item object is not specified.","Un article n'est pas spécifié.",module,Magento_Sales
"An order with subscription items was registered.","Une commande avec abonnement à été enregistrée.",module,Magento_Sales
"Any","TOUT",module,Magento_Sales
"A payment method must be specified.","Une méthode de paiement doit être spécifiée.",module,Magento_Sales
"A PDF object is not specified.","L'objet PDF n'est pas spécifié.",module,Magento_Sales
"A PDF page object is not specified.","La Page PDF n'est pas spécifié.",module,Magento_Sales
"Append Comments","Ajouter les commentaires",module,Magento_Sales
"Applies to Any of the Specified Order Statuses","S'applique à tous les statuts de commande spécifiés",module,Magento_Sales
"Applies to Any of the Specified Order Statuses except canceled orders","Applique à tous les statuts de commande spécifiés hormis les commandes annulées",module,Magento_Sales
"Apply","Appliquer",module,Magento_Sales
"Apply Coupon Code","Appliquer un Bon de Réduction",module,Magento_Sales
"Approved the payment online.","Approuver le paiement en ligne.",module,Magento_Sales
"Are you sure? This order will be canceled and a new one will be created instead.","Êtes-vous sûr(e)? Cette commande sera annulée et une nouvelle sera créée à la place.",module,Magento_Sales
"Are you sure you want to accept this payment?","Êtes-vous sûr de vouloir accepter ce paiement ?",module,Magento_Sales
"Are you sure you want to cancel this order?","Êtes-vous sûr(e) de vouloir annuler cette commande ?",module,Magento_Sales
"Are you sure you want to delete all items from shopping cart?","Êtes-vous sûr(e) de vouloir enlever tous les articles du panier ?",module,Magento_Sales
"Are you sure you want to deny this payment?","Êtes-vous sûr(e) de vouloir refuser ce paiement ?",module,Magento_Sales
"Are you sure you want to send a credit memo email to customer?","Êtes-vous sûr de vouloir envoyer l'email de l'avoir au client ?",module,Magento_Sales
"Are you sure you want to send a Credit memo email to customer?","Êtes-vous sûr de vouloir envoyer l'email de l'avoir au client ?",module,Magento_Sales
"Are you sure you want to send an Invoice email to customer?","Êtes-vous sûr de vouloir envoyer l'email de la facture au client ?",module,Magento_Sales
"Are you sure you want to send an invoice email to customer?","Êtes-vous sûr de vouloir envoyer l'email de la facture au client ?",module,Magento_Sales
"Are you sure you want to send an order email to customer?","Êtes-vous sûr de vouloir envoyer l'email de la commande au client ?",module,Magento_Sales
"Are you sure you want to void the payment?","Êtes-vous sûr(e) de vouloir envoyer le rejet de paiement par email au client ?",module,Magento_Sales
"Assignment Information","Information d'affectation",module,Magento_Sales
"Assign Order Status to State","Assigner un statut de commande à un état",module,Magento_Sales
"Assign Status to State","Assigner un statut à un état",module,Magento_Sales
"Asynchronous indexing","Indexation asynchrone",module,Magento_Sales
"Asynchronous sending","Envoi asynchrone",module,Magento_Sales
"At minimum, you need to set a payment ID.","Vous devez au minimum définir un identifiant de paiement.",module,Magento_Sales
"Authorization","Autorisation",module,Magento_Sales
"Authorized amount of %1","Montant de %1 autorisé",module,Magento_Sales
"Back","Retour",module,Magento_Sales
"Backordered","En attente de stock",module,Magento_Sales
"Back to My Orders","Retour à mes commandes",module,Magento_Sales
"Billing","Facturation",module,Magento_Sales
"Billing Address","Adresse de facturation",module,Magento_Sales
"Billing Address: ","Adresse de facturation: ",module,Magento_Sales
"Billing Info","Informations de Facturation",module,Magento_Sales
"Billing Last Name","Nom (fact.)",module,Magento_Sales
"Billing ZIP Code","Code postal (fact.)",module,Magento_Sales
"Bill-to Name","Nom de facturation",module,Magento_Sales
"Buy %1 for price %2","Achetez-en %1 pour le prix de %2",module,Magento_Sales
"Cancel","Annuler",module,Magento_Sales
"Canceled","Annulée",module,Magento_Sales
"Canceled order offline","Commande annulée hors ligne",module,Magento_Sales
"Canceled order online","Commande annulée en ligne",module,Magento_Sales
"Cannot add new comment.","Impossible d'ajouter un commentaire.",module,Magento_Sales
"Cannot create an invoice without products.","Impossible de créer une facture sans produits.",module,Magento_Sales
"Cannot create credit memo for the order.","Impossible de créer un avoir pour la commande.",module,Magento_Sales
"Cannot create online refund for Refund to Store Credit.","Impossible de créer un remboursement en ligne pour un remboursement par crédit.",module,Magento_Sales
"Cannot save comment:
%1","Impossible de sauvegarder le commentaire :
%1",module,Magento_Sales
"Cannot save the credit memo.","Impossible de sauvegarder l'avoir.",module,Magento_Sales
"Cannot save track:
%1","Impossible de sauvegarder le numéro de suivi :
%1",module,Magento_Sales
"Cannot unassign status from state","Impossible de désassigner le statut de l'état",module,Magento_Sales
"Cannot update item quantity.","Impossible de mettre à jour la quantité de l'article.",module,Magento_Sales
"Cannot update the item's quantity.","Impossible de mettre à jour la quantité de l'article.",module,Magento_Sales
"Can't unhold order.","Impossible de débloquer la commande.",module,Magento_Sales
"Capture","Capturer",module,Magento_Sales
"Capture Amount","Capturer le montant",module,Magento_Sales
"Captured amount of %1 online","Capture d'un montant de %1 en ligne",module,Magento_Sales
"Capture Offline","Capturer Hors Ligne",module,Magento_Sales
"Capture Online","Capturer en ligne",module,Magento_Sales
"Cart Price Rule","Règle de prix panier",module,Magento_Sales
"Changing address information will not recalculate shipping, tax or other order amount.","Changer les informations de l'adresse ne recalculera pas les frais de port, les taxes ou les autres montants de la commande.",module,Magento_Sales
"Checkout Totals Sort Order","Ordre de tri des totaux de commande",module,Magento_Sales
"Child Transactions","Transactions filles",module,Magento_Sales
"Choose whether a customer IP is shown in orders, invoices, shipments, and credit memos.","Choisissez si l'adresse IP du client est affichée sur les commandes, factures, livraisons, et avoirs.",module,Magento_Sales
"City","Ville",module,Magento_Sales
"Clear Shopping Cart","Vider le panier",module,Magento_Sales
"Click to change shipping method","Cliquer pour changer le mode de livraison",module,Magento_Sales
"Close","Fermer",module,Magento_Sales
"Closed","Fermée",module,Magento_Sales
"Comma-separated","Séparées par des virgules",module,Magento_Sales
"Comment: %1<br/>","Commentaire: %1<br/>",module,Magento_Sales
"Comment","Commentaire",module,Magento_Sales
"Comment added","Commentaire ajouté",module,Magento_Sales
"Comments History","Historique de commentaires",module,Magento_Sales
"Comment Text","Texte du commentaire",module,Magento_Sales
"Comment text cannot be empty.","Le commentaire ne peut être vide.",module,Magento_Sales
"Company","Société",module,Magento_Sales
"Complete","Terminée",module,Magento_Sales
"Configure","Configurer",module,Magento_Sales
"Configure and Add to Order","Configurer et ajouter à la commande",module,Magento_Sales
"Continue","Continuer",module,Magento_Sales
"Could not cancel creditmemo","Impossible d'annuler l'avoir",module,Magento_Sales
"Could not delete credit memo","Impossible de supprimer l'avoir",module,Magento_Sales
"Could not delete order address","Impossible de supprimer l'adresse de la commande",module,Magento_Sales
"Could not delete shipment","Impossible de supprimer l'expédition",module,Magento_Sales
"Could not save credit memo","Impossible de sauvegarder l'avoir",module,Magento_Sales
"Could not save order address","Impossible de sauvegarder l'adresse de la commande",module,Magento_Sales
"Could not save shipment","Impossible de sauvegarder l'expédition",module,Magento_Sales
"Country","Pays",module,Magento_Sales
"Coupons","Bons de Réduction",module,Magento_Sales
"Created","Créé",module,Magento_Sales
"Created At","Créé Le",module,Magento_Sales
"Create New Customer","Créer un nouveau client",module,Magento_Sales
"Create New Order","Créer une nouvelle commande",module,Magento_Sales
"Create New Order for %1","Créer une nouvelle commande pour %1",module,Magento_Sales
"Create New Order for %1 in %2","Créer une nouvelle commande pour %1 dans %2",module,Magento_Sales
"Create New Order for New Customer","Créer une nouvelle commande pour un nouveau client",module,Magento_Sales
"Create New Order for New Customer in %1","Créer une nouvelle commande pour un nouveau client dans %1",module,Magento_Sales
"Create New Order Status","Créer un nouveau statut de commande",module,Magento_Sales
"Create New Status","Créer un Statut",module,Magento_Sales
"Create Shipment","Créer la Livraison",module,Magento_Sales
"Credit memo #%1 comment added","Commentaire ajouté pour l'avoir #%1",module,Magento_Sales
"Credit memo #%1 created","Avoir #%1 créé",module,Magento_Sales
"Credit Memo #%1 | %3 | %2 (%4)","Avoir #%1 | %3 | %2 (%4)",module,Magento_Sales
"Credit Memo","Avoir",module,Magento_Sales
"Credit Memo # ","Avoir # ",module,Magento_Sales
"Credit Memo Comment Email Sender","Expéditeur du mail de commentaire d'avoir",module,Magento_Sales
"Credit Memo Comment Email Template","Gabarit de mail de commentaire d'avoir pour un invité",module,Magento_Sales
"Credit Memo Comment Email Template for Guest","Gabarit de mail de commentaire d'avoir pour un invité",module,Magento_Sales
"Credit Memo Comments","Commentaires d'avoir",module,Magento_Sales
"Credit Memo Email Sender","Expéditeur du mail d'avoir",module,Magento_Sales
"Credit Memo Email Template","Gabarit de mail d'avoir",module,Magento_Sales
"Credit Memo Email Template for Guest","Gabarit de mail d'avoir pour un invité",module,Magento_Sales
"Credit memo has not been canceled.","L'avoir n'a pas été annulé.",module,Magento_Sales
"Credit Memo History","Historique de l'avoir",module,Magento_Sales
"Credit Memos","Avoirs",module,Magento_Sales
"Credit memo's total must be positive.","Le total de l'avoir doit être positif.",module,Magento_Sales
"Credit Memo Totals","Total des avoirs",module,Magento_Sales
"CSV","CSV",module,Magento_Sales
"Current Status: %1<br/>","Statut actuel: %1<br/>",module,Magento_Sales
"Customer","Client",module,Magento_Sales
"Customer Email","Email du Client",module,Magento_Sales
"Customer Group","Groupe de clients",module,Magento_Sales
"Customer Name: %1","Nom du client : %1",module,Magento_Sales
"Customer Name","Nom du client",module,Magento_Sales
"%customer_name,","%customer_name,",module,Magento_Sales
"Customer Order Status Notification","Notification de statut de commande client",module,Magento_Sales
"Customer's Activities","Activités client",module,Magento_Sales
"Custom Price","Prix personnalisé",module,Magento_Sales
"Dashboard","Tableau de bord",module,Magento_Sales
"Date","Date",module,Magento_Sales
"Default Status","Statut par défaut",module,Magento_Sales
"Default Template","Gabarit par défaut",module,Magento_Sales
" [deleted]","   [effacé]",module,Magento_Sales
"Denied the payment online","Paiement en ligne refusé",module,Magento_Sales
"Deny Payment","Refuser de paiement",module,Magento_Sales
"Description Message","Message de description",module,Magento_Sales
"Details for %1 #%2","Détails pour %1 #%2",module,Magento_Sales
"Discount (%1)","Remise (%1)",module,Magento_Sales
"Discount","Remise",module,Magento_Sales
"Discount Amount","Montant de la Remise",module,Magento_Sales
"Display Order ID in Header","Afficher l'identifiant de commande dans l'en-tête",module,Magento_Sales
"Edit","Éditer",module,Magento_Sales
"Edit Order #%1","Modifier la commande #%1",module,Magento_Sales
"Edit Order %1 %2 Address","Modifier l'adresse de la commande #%1 %2",module,Magento_Sales
"Edit Order","Éditer la commande",module,Magento_Sales
"Edit Order Status","Éditer le statut de commande",module,Magento_Sales
"Email","Email",module,Magento_Sales
"Email Address","Adresse Email",module,Magento_Sales
"Email Copy of Credit Memo","Envoyer une copie de l'avoir par mail",module,Magento_Sales
"Email Copy of Invoice","Envoyer une copie de la facture par mail",module,Magento_Sales
"Email has not been sent","L'email n'a pas été envoyé",module,Magento_Sales
"Email Order Confirmation","Envoyer la confirmation de commande par mail",module,Magento_Sales
"Email template chosen based on theme fallback when ""Default"" option is selected.","Le template d'email choisi est basé sur le thème parent lorsque l'option ""Défaut"" est sélectionnée.",module,Magento_Sales
"Enable","Activer",module,Magento_Sales
"Enabled","Activé",module,Magento_Sales
"* - Enter custom price excluding tax","* - Saisissez le prix hors taxe",module,Magento_Sales
"* - Enter custom price including tax","* - Saisissez le prix toutes taxes comprises",module,Magento_Sales
"Error to Show in Shopping Cart","Erreur lors de l'affichage dans le panier",module,Magento_Sales
"Excel XML","XML Excel",module,Magento_Sales
"Exception occurred during order load","Une exception est survenue lors du chargement de la commande",module,Magento_Sales
"Excl. Tax","HT",module,Magento_Sales
"Fetch","Rapporter",module,Magento_Sales
"Find Order By","Chercher une commande par",module,Magento_Sales
"Find Order By:","Chercher une commande par:",module,Magento_Sales
"First Name","Prénom",module,Magento_Sales
"From:","De:",module,Magento_Sales
"From","De",module,Magento_Sales
"From Name","De la part de",module,Magento_Sales
"General","Général",module,Magento_Sales
"Get Payment Update","Obtenir la mise à jour de paiement",module,Magento_Sales
"Get shipping methods and rates","Récupérer les modes de livraison et les taux",module,Magento_Sales
"Gift Message","Message Cadeau",module,Magento_Sales
"Gift Message for the Entire Order","Message cadeau pour toute la commande",module,Magento_Sales
"Gift Message for this Order","Message cadeau pour cette commande",module,Magento_Sales
"Gift Message for This Order","Message cadeau pour cette commande",module,Magento_Sales
"Gift Options","Options Cadeau",module,Magento_Sales
"Gift Options for ","Options cadeau pour ",module,Magento_Sales
"Go to Home Page","Aller à la page d'accueil",module,Magento_Sales
"Grand Total","Montant Total",module,Magento_Sales
"Grand Total (Base)","Total (Devise de base)",module,Magento_Sales
"Grand Total Excl. Tax","Total HT",module,Magento_Sales
"Grand Total Incl. Tax","Total TTC",module,Magento_Sales
"Grand Total (Purchased)","Total (Commandé)",module,Magento_Sales
"Grand Total to be Charged","Total à facturer",module,Magento_Sales
"Grid Settings","Paramètres de la Grille",module,Magento_Sales
"Group was removed","Groupe supprimé",module,Magento_Sales
"Guest","Invité",module,Magento_Sales
"Hide Customer IP","Masquer l'adresse IP du Client",module,Magento_Sales
"hold","Bloquer",module,Magento_Sales
"Hold","Bloquer",module,Magento_Sales
"Home","Accueil",module,Magento_Sales
"ID","ID",module,Magento_Sales
"Identifying Fields required","Les champs sont obligatoires",module,Magento_Sales
"Id required","ID obligatoire",module,Magento_Sales
"ID required","ID obligatoire",module,Magento_Sales
"If the invoice was created offline, try creating an offline credit memo.","Si la facture a été créée hors ligne, essayez de créer un avoir hors ligne.",module,Magento_Sales
"If you have questions about your order, you can email us at <a href=""mailto:%store_email"">%store_email</a>","Si vous avez des questions concernant votre commande, vous pouvez nous envoyer un email à <a href=""mailto:%store_email"">%store_email</a>",module,Magento_Sales
"Incl. Tax","TTC",module,Magento_Sales
"Include Tax to Amount","Inclure les taxes au montant",module,Magento_Sales
"Information","Informations",module,Magento_Sales
"Invalid parent block for this block","Block parent invalide pour ce block",module,Magento_Sales
"Invoice #%1","Facture #%1",module,Magento_Sales
"Invoice #%1 comment added","Commentaire ajouté à la facture #%1",module,Magento_Sales
"Invoice #%1 created","Facture #%1 créée",module,Magento_Sales
"Invoice #%1 | %2 | %4 (%3)","Facture #%1 | %2 | %4 (%3)",module,Magento_Sales
"Invoice #","Facture #",module,Magento_Sales
"Invoice # ","Facture # ",module,Magento_Sales
"Invoice","Facture",module,Magento_Sales
"Invoice and Packing Slip Design","Design de facture et de bordereau de livraison",module,Magento_Sales
"Invoice and Ship","Facturer et expédier",module,Magento_Sales
"Invoice and shipment types do not match for some items on this order. You can create a shipment only after creating the invoice.","Les types de facture et d'expédition ne correspondent pas à certains articles de cette commande. Vous pouvez créer l'expédition uniquement après avoir créer une facture.",module,Magento_Sales
"Invoice canceling error","Erreur lors de l'annulation de la facture",module,Magento_Sales
"Invoice capturing error","Erreur lors de la capture de la facture",module,Magento_Sales
"Invoice Comment Email Sender","Expéditeur du mail de commentaire de facture",module,Magento_Sales
"Invoice Comment Email Template","Gabarit de mail commentaire de facture",module,Magento_Sales
"Invoice Comment Email Template for Guest","Gabarit de mail de commentaire de facture pour un invité",module,Magento_Sales
"Invoice Comments","Commentaires de facture",module,Magento_Sales
"Invoiced","Facturé",module,Magento_Sales
"Invoice Date","Date de facturation",module,Magento_Sales
"Invoice Email Sender","Expéditeur du mail de facture",module,Magento_Sales
"Invoice Email Template","Gabarit mail de facture",module,Magento_Sales
"Invoice Email Template for Guest","Gabarit de mail de facture pour un invité",module,Magento_Sales
"Invoice History","Historique de la facture",module,Magento_Sales
"Invoices","Factures",module,Magento_Sales
"Invoice Totals","Totaux de la facture",module,Magento_Sales
"Invoice voiding error","Error lors de l'annulation de la facture",module,Magento_Sales
"IPN ""Refunded"". Refund issued by merchant. Registered notification about refunded amount of %1. Transaction ID: ""%2"". Credit Memo has not been created. Please create offline Credit Memo.","IPN ""Remboursement"". Rembourssement émis par le marchand. Notification sauvegardée concerant le montant remboursé de %1. ID de transaction : ""%2"". L'avoir n'a pas été créé. Veuillez créer un avoir hors ligne.",module,Magento_Sales
"Is Closed","Est fermé",module,Magento_Sales
"Item","article",module,Magento_Sales
"Item ordered qty","Qté commandée",module,Magento_Sales
"Items","articles",module,Magento_Sales
"Items Invoiced","Articles facturés",module,Magento_Sales
"Items Ordered","Articles commandés",module,Magento_Sales
"Items Refunded","Articles remboursés",module,Magento_Sales
"Items Shipped","Articles expédiés",module,Magento_Sales
"Item Status","Statut",module,Magento_Sales
"Items to Refund","Articles à rembourser",module,Magento_Sales
"Key","Clé",module,Magento_Sales
"Last Name","Nom",module,Magento_Sales
"Last Ordered Items","Derniers Articles Commandés",module,Magento_Sales
"Leave this box blank if you don't want to leave a gift message for the entire order.","Laisser ce champ vide si vous ne voulez pas laisser un message cadeau pour toute la commande.",module,Magento_Sales
"Link to the New Order","Lien vers la nouvelle commande",module,Magento_Sales
"Link to the Previous Order","Lien vers la commande précédente",module,Magento_Sales
"Logo for HTML documents only. If empty, default will be used.<br />(jpeg, gif, png)","Logo pour les documents HTML uniquement. Si vide, la valeur par défaut sera utilisée.<br />(jpeg, gif, png)",module,Magento_Sales
"Logo for HTML Print View","Logo pour l'aperçu avant impression HTML",module,Magento_Sales
"Logo for PDF Print-outs (200x50)","Logo pour les impressions PDF (200x50)",module,Magento_Sales
"Maximum shipping amount allowed to refund is: %1","Montant maximum des expéditions permettant le remboursement: %1",module,Magento_Sales
"Memo Total","Total de l'Avoir",module,Magento_Sales
"Message","Message",module,Magento_Sales
"Message:","Message:",module,Magento_Sales
"Minimum Amount","Montant minimum",module,Magento_Sales
"Minimum Order Amount","Montant de commande minimum",module,Magento_Sales
"Mixed","Mixte",module,Magento_Sales
"Move to Shopping Cart","Placer dans le panier",module,Magento_Sales
"Move to Wish List","Ajouter à la liste d'envies",module,Magento_Sales
"Move to Wishlist","Ajouter à la liste d'envies",module,Magento_Sales
"Multi-address Description Message","Message de description multi-adresse",module,Magento_Sales
"Multi-address Error to Show in Shopping Cart","Erreur multi-adresse à afficher dans le panier",module,Magento_Sales
"My Orders","Mes commandes",module,Magento_Sales
"N/A","N/A",module,Magento_Sales
"%name,","%name,",module,Magento_Sales
"Name","Nom",module,Magento_Sales
"New","Nouveau",module,Magento_Sales
"New Credit Memo for Invoice #%1","Nouvel avoir pour la facture #%1",module,Magento_Sales
"New Credit Memo for Order #%1","Nouvel avoir pour la facture #%1",module,Magento_Sales
"New Invoice","Nouvelle facture",module,Magento_Sales
"New Invoice and Shipment for Order #%1","Nouvelles facture et expédition pour la commande n°%1",module,Magento_Sales
"New Invoice for Order #%1","Nouvelle facture pour la commande n°%1",module,Magento_Sales
"New Memo","Nouvel Avoir",module,Magento_Sales
"New Memo for #%1","Nouvel avoir pour #%1",module,Magento_Sales
"New Order","Nouvelle Commande",module,Magento_Sales
"New Order Confirmation Email Sender","Expéditeur du mail de confirmation de commande",module,Magento_Sales
"New Order Confirmation Template","Gabarit de confirmation de nouvelle commande",module,Magento_Sales
"New Order Confirmation Template for Guest","Gabarit de confirmation de nouvelle commande pour un invité",module,Magento_Sales
"New Order RSS","Flux RSS des nouvelles commandes",module,Magento_Sales
"New Orders","Nouvelles commandes",module,Magento_Sales
"New Order Status","Statut de la Nouvelle Commande",module,Magento_Sales
"Newsletter Subscription","Abonnement à la newsletter",module,Magento_Sales
"No","Non",module,Magento_Sales
"No Items","Aucun article",module,Magento_Sales
"No items","Aucun article",module,Magento_Sales
"No Items To Refund","Aucun article à rembourser",module,Magento_Sales
"No ordered items","Aucun article commandé",module,Magento_Sales
"No order(s) were put on hold.","Aucune commande n'a été bloquée.",module,Magento_Sales
"No order(s) were released from on hold status.","Aucune commande débloquée.",module,Magento_Sales
"No Payment Methods","Aucun mode de paiement",module,Magento_Sales
"No shipping information available","Aucune information de livraison disponible",module,Magento_Sales
"Not Capture","Pas de Capture",module,Magento_Sales
"Notes for this Order","Notes pour cette commande",module,Magento_Sales
"Notification Not Applicable","Notification non-applicable",module,Magento_Sales
"Notified","Notifié",module,Magento_Sales
"Notified Date: %1","Date de notification : %1",module,Magento_Sales
"Notify Customer by Email","Avertir le client par email",module,Magento_Sales
"Not Notified","Non notifié",module,Magento_Sales
"Number","Numéro",module,Magento_Sales
"Ok","Ok",module,Magento_Sales
"Once your package ships we will send an email with a link to track your order.","Lorsque votre colis sera prêt nous vous enverrons un email contenant un lien de suivi commande.",module,Magento_Sales
"Once your package ships we will send you a tracking number.","Un numéro de suivi vous sera envoyé lorsque votre commande sera expédiée.",module,Magento_Sales
"On Hold","Bloquée",module,Magento_Sales
"Operations","Operations",module,Magento_Sales
"or call us at <a href=""tel:%store_phone"">%store_phone</a>","ou nous contacter par téléphone au <a href=""tel:%store_phone"">%store_phone</a>",module,Magento_Sales
"Order #%1","Commande #%1",module,Magento_Sales
"Order # %1","Commande #%1",module,Magento_Sales
"Order #%1 created at %2","Commande #%1 créée le %2",module,Magento_Sales
"Order # %1 Notification(s)","Notification(s) commande #%1",module,Magento_Sales
"Order # %1 %2 | %3","Commande # %1 %2 | %3",module,Magento_Sales
"Order # ","Commande # ",module,Magento_Sales
"Order","Commande",module,Magento_Sales
"Order #","Commande #",module,Magento_Sales
"Order & Account Information","Commande & Information de compte",module,Magento_Sales
"Order Address Information","Informations d'adresse de commande",module,Magento_Sales
"Order Comment","Commentaire de la commande",module,Magento_Sales
"Order Comment Email Sender","Expéditeur du mail de commentaire de commande",module,Magento_Sales
"Order Comment Email Template","Gabarit de mail de commentaire de commande",module,Magento_Sales
"Order Comment Email Template for Guest","Gabarit de mail de commentaire de commande pour un invité",module,Magento_Sales
"Order Comments","Commentaires de commande",module,Magento_Sales
"Order Credit Memos","Avoirs de la commande",module,Magento_Sales
"Order Currency:","Devise de la commande:",module,Magento_Sales
"Order Date (%1)","Date de commande (%1)",module,Magento_Sales
"<span class=""label"">Order Date:</span> %1","<span class=""label"">Date de commande:</span> %1",module,Magento_Sales
"Order Date: %1","Date de commande: %1",module,Magento_Sales
"Order Date: ","Date de commande: ",module,Magento_Sales
"Order Date","Date de commande",module,Magento_Sales
"Ordered","Commandé",module,Magento_Sales
"Ordered amount of %1","Montant commandé de %1",module,Magento_Sales
"Order Grand Total","Montant global",module,Magento_Sales
"order-header","order-header",module,Magento_Sales
"Order History","Historique Commande",module,Magento_Sales
"Order ID","ID Commande",module,Magento_Sales
"Order Information","Informations commande",module,Magento_Sales
"Order Invoices","Factures de la commande",module,Magento_Sales
"Order is suspended as its authorizing amount %1 is suspected to be fraudulent.","Commande suspendue car l’autorisation du montant de %1 est suspectée d'être frauduleuse.",module,Magento_Sales
"Order is suspended as its capture amount %1 is suspected to be fraudulent.","La commande est suspendue car le montant de capture %1 pourrait être frauduleux.",module,Magento_Sales
"Orders","Commandes",module,Magento_Sales
"Orders and Returns","Commandes et retours",module,Magento_Sales
"Orders and Returns Search Form","Formulaire de recherche de commandes et retours",module,Magento_Sales
"Order saving error: %1","Erreur lors de la sauvegarde de la commande: %1",module,Magento_Sales
"Orders Cron Settings","Paramètres du CRON des commandes",module,Magento_Sales
"Order Shipments","Livraisons de la commande",module,Magento_Sales
"Order State","État de commande",module,Magento_Sales
"Order Status","Statut de la Commande",module,Magento_Sales
"Order Statuses","Statuts de commande",module,Magento_Sales
"Order Status Information","Informations du statut de commande",module,Magento_Sales
"Order Total","Total de la commande",module,Magento_Sales
"Order Totals","Totaux commande",module,Magento_Sales
"Order View","Vue de commande",module,Magento_Sales
"Original Price","Prix d'origine",module,Magento_Sales
"Our hours are <span class=""no-link"">%store_hours</span>.","Heures d'ouverture <span class=""no-link"">%store_hours</span>.",module,Magento_Sales
"Packing Slip # ","Bordereau de livraison # ",module,Magento_Sales
"Paid","Payée",module,Magento_Sales
"Paid Amount","Montant réglé",module,Magento_Sales
"Parent Transaction ID","ID de transaction principale",module,Magento_Sales
"Partial","Partiel",module,Magento_Sales
"Path ""%1"" is not part of allowed directory ""%2""","Le chemin ""%1"" ne fait pas partie du répertoire autorisé ""%2""",module,Magento_Sales
"Payment &amp; Shipping Information","Paiement &amp; information de livraison",module,Magento_Sales
"Payment &amp; Shipping Method","Paiement &amp; méthode de livraison",module,Magento_Sales
"Payment Information","Informations de paiement",module,Magento_Sales
"Payment Method","Mode de paiement",module,Magento_Sales
"Payment Method:","Mode de paiement:",module,Magento_Sales
"Payment Review","Vérification du paiement",module,Magento_Sales
"Payment transactions disallow storing objects.","Les transactions de paiement rejettent de stocker des objets.",module,Magento_Sales
"PDF Credit Memos","Avoirs en PDF",module,Magento_Sales
"PDF Creditmemos","Avoirs en PDF",module,Magento_Sales
"PDF Invoices","Factures en PDF",module,Magento_Sales
"PDF Print-outs","Impressions PDF",module,Magento_Sales
"PDF Shipments","PDF des Expéditions",module,Magento_Sales
"Pending","En attente",module,Magento_Sales
"Pending Payment","En attente de paiement",module,Magento_Sales
"Pending Payment Order Lifetime (minutes)","Durée de vie des commande en attente de paiement (minutes)",module,Magento_Sales
"Phone","Téléphone",module,Magento_Sales
"Phone Number","Numéro de téléphone",module,Magento_Sales
"Placed from IP","Adresse IP",module,Magento_Sales
"Placed on <span class=""no-link"">%created_at</span>","Passée le <span class=""no-link"">%created_at</span>",module,Magento_Sales
"Please correct the parent block for this block.","Veuillez corriger le bloc parent de ce bloc.",module,Magento_Sales
"Please correct the transaction ID and try again.","Veuillez corriger l'identifiant de la transaction et essayez à nouveau.",module,Magento_Sales
"Please define the PDF object before using.","Veuillez définir un objet PDF avant de l'utiliser.",module,Magento_Sales
"Please enter a comment.","Veuillez saisir un commentaire.",module,Magento_Sales
"Please enter a positive number in this field.","Veuillez renseigner un nombre positif dans ce champ.",module,Magento_Sales
"Please enter a tracking number.","Veuillez renseigner un numéro de suivi.",module,Magento_Sales
"Please enter a Transaction ID.","Veuillez renseigner un ID de transaction.",module,Magento_Sales
"Please enter the city.","Veuillez renseigner la ville.",module,Magento_Sales
"Please enter the country.","Veuillez renseigner le pays.",module,Magento_Sales
"Please enter the first name.","Veuillez renseigner le prénom.",module,Magento_Sales
"Please enter the last name.","Veuillez renseigner le nom.",module,Magento_Sales
"Please enter the phone number.","Veuillez renseigner le numéro de téléphone.",module,Magento_Sales
"Please enter the state/province.","Veuillez renseigner le département.",module,Magento_Sales
"Please enter the street.","Veuillez renseigner la rue.",module,Magento_Sales
"Please enter the zip/postal code.","Veuillez renseigner le code postal.",module,Magento_Sales
"Please select","Faire un Choix",module,Magento_Sales
"Please select a customer.","Sélectionnez un client.",module,Magento_Sales
"Please select a customer","Sélectionnez un client",module,Magento_Sales
"Please select a store.","Sélectionnez un magasin.",module,Magento_Sales
"Please select a store","Sélectionnez un magasin",module,Magento_Sales
"Please select products","Veuillez sélectionner des produits",module,Magento_Sales
"Please select products.","Veuillez sélectionner des produits.",module,Magento_Sales
"Please set a proper payment and order id.","Veuillez définir un paiement et un identifiant de commande appropriés.",module,Magento_Sales
"Please specify a payment method.","Veuillez sélectionner une méthode de paiement.",module,Magento_Sales
"Please specify a shipping method.","Sélectionnez un mode de livraison.",module,Magento_Sales
"Please specify order items.","Veuillez spécifier les articles de la commande.",module,Magento_Sales
"Price","Prix",module,Magento_Sales
"Print","Imprimer",module,Magento_Sales
"Print All","Tout Imprimer",module,Magento_Sales
"Print All Invoices","Imprimer toutes les factures",module,Magento_Sales
"Print All Refunds","Imprimer tous les avoirs",module,Magento_Sales
"Print Credit Memos","Imprimer les avoirs",module,Magento_Sales
"Print Invoice","Imprimer la facture",module,Magento_Sales
"Print Invoices","Imprimer les factures",module,Magento_Sales
"Print Order # %1","Imprimer la commande #%1",module,Magento_Sales
"Print Order","Imprimer la commande",module,Magento_Sales
"Print Packing Slips","Imprimer les bordereaux de livraison",module,Magento_Sales
"Print Refund","Imprimer l'avoir",module,Magento_Sales
"Print Shipping Labels","Imprimer les étiquettes de livraison",module,Magento_Sales
"Processing","En cours de traitement",module,Magento_Sales
"Product","produit",module,Magento_Sales
"Product Name","Nom du produit",module,Magento_Sales
"Products","Produits",module,Magento_Sales
"Products in Comparison List","Produits dans la liste de comparaison",module,Magento_Sales
"Purchase Date","Date d'achat",module,Magento_Sales
"Purchased From: %1","Commandé sur: %1",module,Magento_Sales
"Purchased From","Acheté sur",module,Magento_Sales
"Purchase Point","Acheté sur",module,Magento_Sales
"Qty","Qté",module,Magento_Sales
"Qty Invoiced","Qté facturée",module,Magento_Sales
"Qty Shipped","Qté livrée",module,Magento_Sales
"Qty to Invoice","Qté à Facturer",module,Magento_Sales
"Qty to Refund","Qté à Rembourser",module,Magento_Sales
"Quantity","Quantité",module,Magento_Sales
"Quote item id is not received.","L'identifiant de l'article de la commande n'a pas été reçu.",module,Magento_Sales
"Quote item is not loaded.","L'article n'est pas chargé.",module,Magento_Sales
"Recently Compared Products","Derniers produits comparés",module,Magento_Sales
"Recently Viewed","Vu récemment",module,Magento_Sales
"Recently Viewed Products","Derniers Produits Consultés",module,Magento_Sales
"Recent Orders","Commandes récentes",module,Magento_Sales
"Refresh","Rafraîchir",module,Magento_Sales
"Refund #%1","Remboursement #%1",module,Magento_Sales
"Refund","Rembourser",module,Magento_Sales
"Refund #","Remboursement #",module,Magento_Sales
"Refund Amount","Montant du remboursement",module,Magento_Sales
"Refunded","Remboursé",module,Magento_Sales
"Refund Offline","Remboursement hors ligne",module,Magento_Sales
"Refunds","Remboursements",module,Magento_Sales
"Refund Shipping","Remboursement de livraison",module,Magento_Sales
"Refund Shipping (Excl. Tax)","Remboursement livraison (HT)",module,Magento_Sales
"Refund Shipping (Incl. Tax)","Remboursement livraison (TTC)",module,Magento_Sales
"Refund Totals","Total remboursé",module,Magento_Sales
"Registered a Void notification.","Notifier une annulation.",module,Magento_Sales
"Registered notification about approved payment.","Notification enregistré au sujet de paiement approuvé.",module,Magento_Sales
"Registered notification about captured amount of %1.","Notifier lors d'un encaissement d'un montant de %1.",module,Magento_Sales
"Registered notification about denied payment.","Notification enregistré sur le paiement refusé.",module,Magento_Sales
"Registered notification about refunded amount of %1.","Notifier lors d'un remboursement d'un montant de %1.",module,Magento_Sales
"Registered update about approved payment.","Mise à jour sauvegardée au sujet de paiement approuvé.",module,Magento_Sales
"Registered update about denied payment.","Mise à jour sauvegardée au sujet de paiement refusé.",module,Magento_Sales
"Remove","Supprimer",module,Magento_Sales
"Remove Coupon Code","Supprimer le code de bon de réduction",module,Magento_Sales
"Reorder","Renouveler",module,Magento_Sales
"Requested entity doesn't exist","L'entité demandée n'existe pas",module,Magento_Sales
"Returned","Retourné",module,Magento_Sales
"Return to Stock","Remettre en stock",module,Magento_Sales
"Row Subtotal","Sous-total de la ligne",module,Magento_Sales
"Row Total","Total Ligne",module,Magento_Sales
"Sales","Ventes",module,Magento_Sales
"Sales Emails","Mails des ventes",module,Magento_Sales
"Same As Billing Address","Identique à l'adresse de facturation",module,Magento_Sales
"Save Gift Message","Sauvegarder le message cadeau",module,Magento_Sales
"Save in address book","Sauvegarder dans le carnet d'adresses",module,Magento_Sales
"Save Order Address","Sauvegarder l'adresse de la commande",module,Magento_Sales
"Save Status","Sauvegarder le Statut",module,Magento_Sales
"Save Status Assignment","Sauvegarder l'assignation du statut",module,Magento_Sales
"Search","Rechercher",module,Magento_Sales
"Select","Choisir",module,Magento_Sales
"Select from existing customer addresses:","Sélectionner une adresse client existante:",module,Magento_Sales
"Send Credit Memo Comment Email Copy To","Envoyer une copie du mail de commentaire d'avoir à",module,Magento_Sales
"Send Credit Memo Comments Email Copy Method","Mode de copie d'email pour les commentaires d'avoir",module,Magento_Sales
"Send Credit Memo Email Copy Method","Mode de copie d'email pour les avoirs",module,Magento_Sales
"Send Credit Memo Email Copy To","Envoyer une copie du mail d'avoir à",module,Magento_Sales
"Send Email","Envoyer un Email",module,Magento_Sales
"Send Invoice Comment Email Copy To","Envoyer une copie du mail de commentaire de facture à",module,Magento_Sales
"Send Invoice Comments Email Copy Method","Mode de copie d'email pour les commentaires de facture",module,Magento_Sales
"Send Invoice Email Copy Method","Mode de copie d'email pour les factures",module,Magento_Sales
"Send Invoice Email Copy To","Envoyer une copie du mail de facture à",module,Magento_Sales
"Send Order Comment Email Copy To","Envoyer une copie du mail de commentaire de commande à",module,Magento_Sales
"Send Order Comments Email Copy Method","Mode de copie d'email pour les commentaires de commande",module,Magento_Sales
"Send Order Email Copy Method","Envoyer une copie du mail de commande en utilisant la méthode",module,Magento_Sales
"Send Order Email Copy To","Envoyer une copie du mail de commande à",module,Magento_Sales
"Send Shipment Comment Email Copy To","Envoyer une copie du mail de commentaire de livraison",module,Magento_Sales
"Send Shipment Comments Email Copy Method","Mode de copie d'email pour les commentaires d'expédition",module,Magento_Sales
"Send Shipment Email Copy Method","Mode de copie d'email pour les expéditions",module,Magento_Sales
"Send Shipment Email Copy To","Envoyer une copie du mail de livraison à",module,Magento_Sales
"Set order for existing transactions not allowed","Placez la commande pour des transactions existantes non permise",module,Magento_Sales
"Ship","Expédier",module,Magento_Sales
"Ship Date","Date d'expédition",module,Magento_Sales
"Shipment #%1","Livraison #%1",module,Magento_Sales
"Shipment #%1 comment added","Commentaire ajouté pour l'expédition #%1",module,Magento_Sales
"Shipment #%1 created","Livraison #%1 créée",module,Magento_Sales
"Shipment","Expédition",module,Magento_Sales
"Shipment Comment Email Sender","Expéditeur du mail de commentaire de livraison",module,Magento_Sales
"Shipment Comment Email Template","Gabarit du mail de commentaire de livraison",module,Magento_Sales
"Shipment Comment Email Template for Guest","Gabarit de mail de commentaire d'expédition pour un invité",module,Magento_Sales
"Shipment Comments","Commentaires de Livraison",module,Magento_Sales
"Shipment Email Sender","Expéditeur du mail d'expédition",module,Magento_Sales
"Shipment Email Template","Gabarit de mail de livraison",module,Magento_Sales
"Shipment Email Template for Guest","Gabarit de mail d'expédition pour un invité",module,Magento_Sales
"Shipments","Expéditions",module,Magento_Sales
"Shipped","Livré",module,Magento_Sales
"Shipped By","Livré par",module,Magento_Sales
"Shipping","Livraison",module,Magento_Sales
"Shipping Address","Adresse de Livraison",module,Magento_Sales
"Shipping Address: ","Adresse de Livraison: ",module,Magento_Sales
"Shipping Amount","Montant de la livraison",module,Magento_Sales
"Shipping &amp; Handling","Frais de port",module,Magento_Sales
"Shipping and Handling","Livraison et frais de traitement",module,Magento_Sales
"Shipping Excl. Tax (%1)","Livraison HT (%1)",module,Magento_Sales
"Shipping & Handling","Frais de port",module,Magento_Sales
"Shipping Incl. Tax (%1)","Livraison TTC (%1)",module,Magento_Sales
"Shipping Info","Informations de Livraison",module,Magento_Sales
"Shipping Information","Informations de livraison",module,Magento_Sales
"Shipping Method","Méthode de Livraison",module,Magento_Sales
"Shipping Method:","Méthode de Livraison:",module,Magento_Sales
"Shipping Refund","Remboursement de la livraison",module,Magento_Sales
"Ship To","Livré à",module,Magento_Sales
"Ship to:","Livré à:",module,Magento_Sales
"Ship-to Name","Nom de livraison",module,Magento_Sales
"Shopping Cart","Panier",module,Magento_Sales
"Shopping Cart Price Rule","Règle de prix panier",module,Magento_Sales
"Show Actual Values","Montrer les valeurs actuelles",module,Magento_Sales
"Signed-up Point","Point d'inscription",module,Magento_Sales
"SKU","SKU",module,Magento_Sales
"Sku","SKU",module,Magento_Sales
"Sold to:","Vendu à:",module,Magento_Sales
"Something went wrong while assigning the order status.","Une erreur s'est produite lors de l'attribution du statut de la commande.",module,Magento_Sales
"Something went wrong while saving the gift message.","Une erreur s'est produite lors de l'enregistrement du message cadeau.",module,Magento_Sales
"Something went wrong while unassigning the order.","Une erreur s'est produite lors de l'attribution du statut de la commande.",module,Magento_Sales
"Sorry, no quotes are available for this order.","Désolé, aucun panier disponible pour cette commande.",module,Magento_Sales
"Specified","Spécifié",module,Magento_Sales
"State Code and Title","Code et titre de l'état",module,Magento_Sales
"State/Province","État/Province",module,Magento_Sales
"Status","Statut",module,Magento_Sales
"Status can't be unassigned, because it is used by existing order(s).","Le statut ne peut pas être retiré car il est utiilsé par des commandes existantes.",module,Magento_Sales
"Status Code","Code du statut",module,Magento_Sales
"Status Label","Libellé du statut",module,Magento_Sales
"Store View Specific Labels","Libellés spécifiques par vue magasin",module,Magento_Sales
"Street Address","Adresse",module,Magento_Sales
"Submit Comment","Envoyer un commentaire",module,Magento_Sales
"Submit Invoice","Soumettre la facture",module,Magento_Sales
"Submit Invoice and Shipment","Soumettre la facture et l'expédition",module,Magento_Sales
"Submit Order","Envoyer la commande",module,Magento_Sales
"Subscribe to Newsletter","S'abonner à la newsletter",module,Magento_Sales
"Subscribe to Order Status","S'abonner au statut de commande",module,Magento_Sales
"Subtotal:","Sous-Total:",module,Magento_Sales
"Subtotal","Sous-Total",module,Magento_Sales
"Subtotal after discount","Sous-total après remise",module,Magento_Sales
"Subtotal (Excl. Tax)","Sous-total (HT)",module,Magento_Sales
"Subtotal (Incl. Tax)","Sous-total (TTC)",module,Magento_Sales
"Suspected Fraud","Fraude suspectée",module,Magento_Sales
"Tax","Taxe",module,Magento_Sales
"Tax Amount","Montant TVA",module,Magento_Sales
"Tax Percent","Pourcentahe de la taxe",module,Magento_Sales
"Telephone","Téléphone",module,Magento_Sales
"Template","Gabarit",module,Magento_Sales
"test message","testMessage",module,Magento_Sales
"Thank you for your order from %store_name.","Merci pour votre commande sur %store_name.",module,Magento_Sales
"The Comment Text field cannot be empty.","Le champ texte du commentaire ne peut pas être vide.",module,Magento_Sales
"The coupon code has been accepted.","Le code promo a été retenue.",module,Magento_Sales
"the credit memo email is not sent","l'email n'a pas été envoyé",module,Magento_Sales
"The credit memo email wasn't sent.","L'e-mail de l'avoir n'a pas été envoyé.",module,Magento_Sales
"The credit memo email was sent","L'e-mail de l'avoir a été envoyé",module,Magento_Sales
"The credit memo email was sent.","L'e-mail de l'avoir a été envoyé.",module,Magento_Sales
"The credit memo has been canceled.","L'avoir a été annulé.",module,Magento_Sales
"The credit memo has been created automatically.","L'avoir a été créé automatiquement.",module,Magento_Sales
"The credit memo's total must be positive.","Le total de l'avoir doit être positif.",module,Magento_Sales
"The gift message has been saved.","Le message cadeau a bien été sauvegardé.",module,Magento_Sales
"The invoice and the shipment  have been created. The shipping label cannot be created now.","La facture et l'expédition ont été créées. L'étiquette d'expédition ne peut pas être créée pour le moment.",module,Magento_Sales
"The invoice and the shipment  have been created. ' 'The shipping label cannot be created now.","La facture et l'expédition ont été créées. L'étiquette d'expédition ne peut pas être créée pour le moment.",module,Magento_Sales
"the invoice email is not sent","l'email n'a pas été envoyé",module,Magento_Sales
"The invoice email wasn't sent.","L'email de la facture n'a pas été envoyé.",module,Magento_Sales
"The invoice email was sent.","L'email de la facture a été envoyé.",module,Magento_Sales
"the invoice email was sent","L'email de la facture a été envoyé",module,Magento_Sales
"The invoice has been captured.","La facture a été capturée.",module,Magento_Sales
"The invoice has been created.","La facture a été créée.",module,Magento_Sales
"The invoice has been voided.","La facture a été invalidée.",module,Magento_Sales
"The invoice no longer exists.","La facture n'existe plus.",module,Magento_Sales
"The invoice will be created offline without the payment gateway.","La facture a été créée hors ligne sans la passerelle de paiement.",module,Magento_Sales
"The last status can't be unassigned from its current state.","Le dernier statut ne peut pas être retiré de son état actuel.",module,Magento_Sales
"The most money available to refund is %1.","Le remboursement maximal est de %1.",module,Magento_Sales
"The order amount of %1 is pending approval on the payment gateway.","Le montant de la commande de %1 est en attente d'approbation de la passerelle de paiement.",module,Magento_Sales
"the order confirmation email is not sent","L'email de confirmation n'a pas été envoyé",module,Magento_Sales
"The order confirmation email is not sent","L'email de confirmation n'a pas été envoyé",module,Magento_Sales
"The order confirmation email was sent","L'email de confirmation a été envoyé",module,Magento_Sales
"the order confirmation email was sent","L'email de confirmation a été envoyé",module,Magento_Sales
"The order does not allow an invoice to be created.","La commande ne permet pas la création d'une facture.",module,Magento_Sales
"The order no longer exists.","La commande n'existe plus.",module,Magento_Sales
"The order object is not specified.","L'objet commande n'est pas spécifié.",module,Magento_Sales
"The Order State ""%1"" must not be set manually.","L'état de la commande ""%1"" ne peut être modifié manuellement.",module,Magento_Sales
"The order was not on hold.","La commande n'est pas bloquée.",module,Magento_Sales
"The order was placed using %1.","Commande passée en utilisant %1.",module,Magento_Sales
"The parent transaction ID must have a transaction ID.","L'identifiant de la transaction parent doit avoir un identifiant de transaction.",module,Magento_Sales
"The payment disallows storing objects.","Cette méthode de paiement interdit le stockage d'objets.",module,Magento_Sales
"The payment has been accepted.","Le paiement a été accepté.",module,Magento_Sales
"The payment has been denied.","Le paiement a été refusé.",module,Magento_Sales
"The payment has been voided.","Le paiement a été annulé.",module,Magento_Sales
"The payment method you requested is not available.","La méthode de paiement demandée n'est pas disponible.",module,Magento_Sales
"The payment update has been made.","La mise à jour du paiement a été effectuée.",module,Magento_Sales
"The PDF total model %1 must be or extend MagentoSalesModelOrderPdfTotalDefaultTotal.","Le modèle du total PDF %1 doit être une instance de ou étendre \Magento\Sales\Model\Order\Pdf\Total\DefaultTotal.",module,Magento_Sales
"There are no printable documents related to selected orders.","Il n'y a pas de documents imprimables en relation avec les commandes sélectionnées.",module,Magento_Sales
"There is an error in one of the option rows.","Erreur dans une des lignes d'option.",module,Magento_Sales
"There is no need to approve this payment.","Il n'est pas nécessaire d'approuver ce paiement.",module,Magento_Sales
"There is no need to deny this payment.","Il n'est pas nécessaire de refuser ce paiement.",module,Magento_Sales
"There is no update for the payment.","Il n'ya pas de mise à jour pour le paiement.",module,Magento_Sales
"There is no update for the transaction.","Aucune mise à jour pour la transaction.",module,Magento_Sales
"The source object is not specified.","L'object source n'est pas spécifié.",module,Magento_Sales
"The total model should be extended from MagentoSalesModelOrderTotalAbstractTotal.","Le modèle du total doit étendre \Magento\Sales\Model\Order\Total\AbstractTotal.",module,Magento_Sales
"The transaction ""%1"" cannot be captured yet.","La transaction ""%1"" ne peut être capturée pour le moment.",module,Magento_Sales
"The transaction ""%1"" (%2) is already closed.","La transaction ""%1"" (%2) est déjà close.",module,Magento_Sales
"The transaction details have been updated.","Les détails de la transaction ont été mis à jour.",module,Magento_Sales
"The Transaction ID field cannot be empty.","Le champs ID de la transaction ne peut être vide.",module,Magento_Sales
"This item price or quantity is not valid for checkout.","Le prix ou la quantité de cet article est invalide pour commander.",module,Magento_Sales
"This message will be shown in the shopping cart when the subtotal (after discount) is lower than the minimum allowed amount.","Ce message sera affiché dans le panier lorsque le sous-total (après remise) est inférieur au montant minimum autorisé.",module,Magento_Sales
"This order already has associated customer account","Cette commande est déjà associée à un compte client",module,Magento_Sales
"This order contains (%1) items and therefore cannot be edited through the admin interface. ' 'If you wish to continue editing, the (%2) items will be removed, ' ' the order will be canceled and a new order will be placed.","Cette commande contient (%1) articles et ne peut donc pas être modifiée dans l'interface d'administration. Si vous souhaitez continuer à l'éditer, les (%2) articles seront supprimés, la commande sera annulée et une nouvelle commande sera créée.",module,Magento_Sales
"This order contains (%1) items and therefore cannot be edited through the admin interface. If you wish to continue editing, the (%2) items will be removed,  the order will be canceled and a new order will be placed.","Cette commande contient (%1) articles et ne peut donc pas être modifiée dans l'interface d'administration. Si vous souhaitez continuer à l'éditer, les (%2) articles seront supprimés, la commande sera annulée et une nouvelle commande sera créée.",module,Magento_Sales
"This order no longer exists.","Cette commande n'existe plus.",module,Magento_Sales
"This payment method is not available.","La méthode de paiement n'est pas disponible.",module,Magento_Sales
"This product does not have any configurable options","Ce produit n'a aucune option configurable",module,Magento_Sales
"This product is disabled.","Ce produit est désactivé.",module,Magento_Sales
"This will create an offline refund. ' 'To create an online refund, open an invoice and create credit memo for it. Do you want to continue?","Cela créera un remboursement hors ligne. Si vous désirez créer un remboursement en ligne, ouvrez une facture et créez un avoir pour celle-ci. Voulez-vous continuer ?",module,Magento_Sales
"This will create an offline refund. To create an online refund, open an invoice and create credit memo for it. Do you want to continue?","Cela créera un remboursement hors ligne. Si vous désirez créer un remboursement en ligne, ouvrez une facture et créez un avoir pour celle-ci. Voulez-vous continuer ?",module,Magento_Sales
"Tier Pricing","Tarification par palier",module,Magento_Sales
"Title","Titre",module,Magento_Sales
"title","Titre",module,Magento_Sales
"To:","À:",module,Magento_Sales
"To","À",module,Magento_Sales
"To Name","Destiné à",module,Magento_Sales
"Total: %1<br/>","Total: %1<br/>",module,Magento_Sales
"Total %1 product(s)","%1 produit(s) au total",module,Magento_Sales
"Total","Total",module,Magento_Sales
"Total Due","Total dû",module,Magento_Sales
"Total (ex)","Total (HT)",module,Magento_Sales
"Total (inc)","Total (TTC)",module,Magento_Sales
"Total incl. tax","Total TTC",module,Magento_Sales
"Total Paid","Total payé",module,Magento_Sales
"Total Quantity","quantité totale",module,Magento_Sales
"Total Refund","Remboursement total",module,Magento_Sales
"Total Refunded","Total Remboursé",module,Magento_Sales
"Total Shipping Charges","Montant total de la livraison",module,Magento_Sales
"Total Tax","TVA",module,Magento_Sales
"Tracking number %1 for %2 assigned","Numéro de suivi %1 assigné à %2",module,Magento_Sales
"Tracking Number","Numéro de suivi",module,Magento_Sales
"Transaction # %1 | %2","Transaction # %1 | %2",module,Magento_Sales
"Transaction Data","Données de transaction",module,Magento_Sales
"Transaction Details","Détail de la transaction",module,Magento_Sales
"Transaction has been approved.","La transaction a été approuvée.",module,Magento_Sales
"Transaction has been voided/declined.","La transaction a été annulée/déclinée.",module,Magento_Sales
"Transaction ID: ""%1""","  ID de transaction: ""%1""",module,Magento_Sales
" Transaction ID: ""%1""","   ID de transaction: ""%1""",module,Magento_Sales
"Transaction ID","ID Transaction",module,Magento_Sales
"Transactions","Transactions",module,Magento_Sales
"Transaction Type","Type de transaction",module,Magento_Sales
"Unassign","Annuler l'assignation",module,Magento_Sales
"unhold","Débloquer",module,Magento_Sales
"Unhold","Débloquer",module,Magento_Sales
"Unknown State","État inconnu",module,Magento_Sales
"Unknown Status","Statut inconnu",module,Magento_Sales
"Update Changes","Mettre à jour les modifications",module,Magento_Sales
"Update Items and Qty's","Mettre à jour les articles et quantités",module,Magento_Sales
"Update Items and Quantities","Mettre à jour les articles et les quantités",module,Magento_Sales
"Update Qty's","Mettre à jour les quantités",module,Magento_Sales
"Use Aggregated Data (beta)","Utiliser les données agrégées (beta)",module,Magento_Sales
"Use Order Status As Default","Utiliser ce statut comme valeur par défaut",module,Magento_Sales
"Validate Each Address Separately in Multi-address Checkout","Valider séparément les adresses lors de commandes multi-adresses",module,Magento_Sales
"Validation is failed.","La validation est échoué.",module,Magento_Sales
"Value","Valeur",module,Magento_Sales
"VAT Request Date","Date de demande de TVA",module,Magento_Sales
"VAT Request Identifier","Identifiant de demande de TVA",module,Magento_Sales
"View","Voir",module,Magento_Sales
"View All","Tout voir",module,Magento_Sales
"View Another Order","Voir une Autre Commande",module,Magento_Sales
"View Memo","Voir l'avoir",module,Magento_Sales
"View Memo for #%1","Voir l'avoir pour #%1",module,Magento_Sales
"View Order","Voir la Commande",module,Magento_Sales
"Visible on Frontend","Visible sur le site coté client",module,Magento_Sales
"Visible On Frontend","Visible sur le site coté client",module,Magento_Sales
"Visible On Storefront","Visible sur le front office",module,Magento_Sales
"Visible on Storefront","Visible sur le front office",module,Magento_Sales
"Void","annulé",module,Magento_Sales
"Voided authorization.","Autorisation refusée.",module,Magento_Sales
"Website","Site Web",module,Magento_Sales
"We canceled %1 order(s).","Annulation de %1 commande(s).",module,Magento_Sales
"We cannot add order history.","Impossible d'ajouter un commentaire à l'historique.",module,Magento_Sales
"We cannot add this item to your shopping cart.","Impossible d'ajouter cet article dans le panier.",module,Magento_Sales
"We cannot cancel this order.","Impossible d'annuler cette commande.",module,Magento_Sales
"We cannot create an empty shipment.","Impossible de créer une expédition vide.",module,Magento_Sales
"We cannot determine the field name.","Impossible de déterminer le nom du champ.",module,Magento_Sales
"We cannot register an existing credit memo.","Nous ne pouvons pas sauvegarder un avoir existant.",module,Magento_Sales
"We cannot register an existing invoice","Impossible de sauvegarder une facture existante",module,Magento_Sales
"We cannot register an existing shipment","Impossible de sauvegarder une expédition existante",module,Magento_Sales
"We can't add the order status right now.","Impossible d'attribuer le statut de commande.",module,Magento_Sales
"We can't add this item to your shopping cart right now.","Impossible d'ajouter ce produit au panier.",module,Magento_Sales
"We can't create credit memo for the order.","Impossible de créer l'avoir pour la commande.",module,Magento_Sales
"We can't find this order status.","Impossible de trouver ce statut de commande.",module,Magento_Sales
"We can't find this wish list.","Impossible de trouver cette liste d'envies.",module,Magento_Sales
"We can't get the order instance right now.","Impossible de récupérer l'instance de la commande.",module,Magento_Sales
"We can't save the credit memo right now.","Impossible de sauvegarder l'avoir.",module,Magento_Sales
"We can't save the invoice.","Impossible de sauvegarder la facture.",module,Magento_Sales
"We can't save the invoice right now.","Impossible de sauvegarder la facture.",module,Magento_Sales
"We can't send the email order right now.","Impossible d'envoyer l'email de la commande.",module,Magento_Sales
"We can't send the invoice email.","Impossible d'envoyer l'email de la facture.",module,Magento_Sales
"We can't send the invoice email right now.","Impossible d'envoyer l'email de la facture.",module,Magento_Sales
"We can't send the shipment right now.","Impossible d'envoyer l'email de l'expédition.",module,Magento_Sales
"We can't update the item's quantity right now.","Impossible de mettre à jour la quantité de l'article.",module,Magento_Sales
"We can't update the order address right now.","Impossible de mettre à jour l'adresse de la commande.",module,Magento_Sales
"We can't update the payment right now.","Impossible de mettre à jour le paiement.",module,Magento_Sales
"We can't update the transaction details.","Impossible de mettre à jour les détails de la transaction.",module,Magento_Sales
"We can't void the credit memo.","Impossible d'annuler l'avoir.",module,Magento_Sales
"We can't void the payment right now.","Impossible d'annuler le paiement.",module,Magento_Sales
"We could not add a product to cart by the ID ""%1"".","Impossible d'ajouter le produit avec l'ID ""%1"" au panier.",module,Magento_Sales
"We couldn't find this wish list.","Nous ne pouvons pas trouver cette liste d'envies.",module,Magento_Sales
"We couldn't send the email order.","Nous ne pouvons pas envoyer l'email de commande.",module,Magento_Sales
"We couldn't update the payment.","Nous ne pouvons pas mettre à jour le paiement.",module,Magento_Sales
"We don't have enough information to save the parent transaction ID.","Nous n'avons pas assez d'information pour sauvegarder l'identifiant de transaction parent.",module,Magento_Sales
"We don't recognize the draw line data. Please define the ""lines"" array.","Ligne non reconnue. Veuillez définir un jeu de lignes.",module,Magento_Sales
"We found an invalid entity model.","Modèle d'entité invalide.",module,Magento_Sales
"We found an invalid quantity to invoice item ""%1"".","Il y a une quantité invalide sur l'article de la facture ""%1"".",module,Magento_Sales
"We found an invalid quantity to refund item ""%1"".","Quantité invalide pour le remboursement de l'article ""%1"".",module,Magento_Sales
"We found an invalid quantity to ship for item ""%1"".","Quantité à livrer invalide pour l'article ""%1"".",module,Magento_Sales
"We found an invalid renderer model.","Modèle de rendu invalide.",module,Magento_Sales
"We found another order status with the same order status code.","Un statut de commande avec le même code existe déjà.",module,Magento_Sales
"We found an unsupported transaction type ""%1"".","Type de transaction non pris en charge: ""%1"".",module,Magento_Sales
"We'll use the default description above if you leave this empty.","La description par défaut sera utilisée si ce champ est laissé vide.",module,Magento_Sales
"We'll use the default error above if you leave this empty.","Le message d'erreur par défaut sera utilisé si ce champ est laissé vide.",module,Magento_Sales
"We refunded %1 offline.","Remboursement de %1 hors ligne.",module,Magento_Sales
"We refunded %1 online.","Remboursement de %1 en ligne.",module,Magento_Sales
"We sent the message.","Message envoyé.",module,Magento_Sales
"We will authorize %1 after the payment is approved at the payment gateway.","Nous autoriserons %1 une fois que le paiement aura été approuvé par la passerelle de paiement.",module,Magento_Sales
"Wish List","Liste d'enVies",module,Magento_Sales
"Yes","oui",module,Magento_Sales
"You assigned the order status.","Statut de commande assigné.",module,Magento_Sales
"You canceled the invoice.","La facture a été annulée.",module,Magento_Sales
"You canceled the order.","Commande annulée.",module,Magento_Sales
"You can check the status of your order by <a href=""%account_url"">logging into your account</a>.","Vous pouvez suivre le statut de votre commande en <a href=""%account_url"">vous connectant à votre compte</a>.",module,Magento_Sales
"You can not cancel Credit Memo","Vous ne pouvez pas annuler l'avoir",module,Magento_Sales
"You cannot cancel the order(s).","Impossible d'annuler les commandes.",module,Magento_Sales
"You cannot remove the hold.","Impossible de débloquer.",module,Magento_Sales
"You can't create an invoice without products.","Impossible de créer une facture sans produit.",module,Magento_Sales
"You can't do this without a transaction object.","Opération impossible sans un objet transaction.",module,Magento_Sales
"You created the credit memo.","Avoir créé.",module,Magento_Sales
"You created the invoice and shipment.","La facture et l'expédition ont été créés.",module,Magento_Sales
"You created the order.","La commande a été créée.",module,Magento_Sales
"You did not email your customer. Please check your email settings.","L'email client n'a pas été envoyé. Veuillez vérifier les paramètres des emails.",module,Magento_Sales
"You don't need to select a shipping address.","Il n'est pas nécessaire de sélectionner une adresse de livraison.",module,Magento_Sales
"You don't need to select a shipping method.","Il n'est pas nécessaire de sélectionner une méthode de livraison.",module,Magento_Sales
"You entered incorrect data. Please try again.","Données saisies incorrectes. Veuillez essayer à nouveau.",module,Magento_Sales
"You have item changes","Des articles ont changés",module,Magento_Sales
"You have not canceled the item.","L'article n'a pas été annulé.",module,Magento_Sales
"You have not put the order on hold.","La commande n'a pas été bloquée.",module,Magento_Sales
"You have placed no orders.","Vous n'avez encore jamais commandé.",module,Magento_Sales
"You have put %1 order(s) on hold.","%1 commande(s) bloquée(s).",module,Magento_Sales
"You have saved the order status.","Statut commande sauvegardé.",module,Magento_Sales
"You have unassigned the order status.","Staut de commande retiré.",module,Magento_Sales
"You need to specify a shipping method.","Vous devez spécifier une méthode de livraison.",module,Magento_Sales
"You need to specify order items.","Vous devez spécifier les articles de la commande.",module,Magento_Sales
"You put the order on hold.","La commande a été bloquée.",module,Magento_Sales
"Your Credit Memo #%creditmemo_id for Order #%order_id","Votre avoir #%creditmemo_id pour la commande #%order_id",module,Magento_Sales
"Your default logo will be used in PDF and HTML documents.<br />(jpeg, tiff, png) If your pdf image is distorted, try to use larger file-size image.","Logo par défaut utilisé dans les documents PDF et HTML.<br />(jpeg, tiff, png) Si l'image dans le pdf est deformée, essayez d'utiliser un fichier image plus large.",module,Magento_Sales
"You released the order from holding status.","La commande est débloquée.",module,Magento_Sales
"Your Invoice #%invoice_id for Order #%order_id","Votre Facture #%invoice_id pour la Commande #%order_id",module,Magento_Sales
"Your Order <span class=""no-link"">#%increment_id</span>","Votre Commande <span class=""no-link"">#%increment_id</span>",module,Magento_Sales
"Your order #%increment_id has been updated with a status of <strong>%order_status</strong>.","Votre commande #%increment_id a été mise à jour avec le statut <strong>%order_status</strong>.",module,Magento_Sales
"Your Shipment #%shipment_id for Order #%order_id","Livraison #%shipment_id pour la commande #%order_id",module,Magento_Sales
"Your shipping confirmation is below. Thank you again for your business.","Voici votre confirmation d'expédition. Encore merci de votre achat.",module,Magento_Sales
"You saved the gift card message.","Message cadeau sauvegardé.",module,Magento_Sales
"You saved the order status.","Statut de commande sauvegardé.",module,Magento_Sales
"You sent the message.","Message envoyé.",module,Magento_Sales
"You sent the order email.","Email de commande envoyé.",module,Magento_Sales
"You updated the order address.","Adresse de la commande mise à jour.",module,Magento_Sales
"You voided the credit memo.","Avoir annulé.",module,Magento_Sales
"ZIP Code","Code Postal",module,Magento_Sales
"Zip/Postal Code","Code postal",module,Magento_Sales
"ZIP/Post Code","Code Postal",module,Magento_Sales