"%1 An empty value is allowed as well.","%1 Une valeur vide est autorisée.",module,Magento_Backend
"%1 cache type(s) disabled.","%1 type(s) de cache désactivé(s).",module,Magento_Backend
"%1 cache type(s) enabled.","%1 type(s) de cache activé(s).",module,Magento_Backend
"%1 cache type(s) refreshed.","%1 type(s) de cache actualisé(s).",module,Magento_Backend
"%1 (Default)","%1 (Défaut)",module,Magento_Backend
"2YTD","Depuis le début de l'année dernière",module,Magento_Backend
"<h1 class=""page-heading"">404 Error</h1><p>Page not found.</p>","<h1 class=""page-heading"">Erreur 404</h1><p>Page introuvable.</p>",module,Magento_Backend
"About the calendar","À propos du calendrier",module,Magento_Backend
"Access denied","Accès refusé",module,Magento_Backend
"Access Denied","Accès refusé",module,Magento_Backend
"Access Denied.","Accès refusé.",module,Magento_Backend
"Access denied.","Accès refusé.",module,Magento_Backend
"Account Information","Informations du compte",module,Magento_Backend
"Account Setting","Paramètres du compte",module,Magento_Backend
"Action","Action",module,Magento_Backend
"Actions","Actions",module,Magento_Backend
"Add","Ajouter",module,Magento_Backend
"Add after","Ajouter après",module,Magento_Backend
"Add Block Names to Hints","Ajouter les noms des blocs aux Astuces",module,Magento_Backend
"Add Design Change","Ajouter un changement de design",module,Magento_Backend
"Add Exception","Ajouter une exception",module,Magento_Backend
"Additional Cache Management","Gestion additionnelle du cache",module,Magento_Backend
"Additional Settings","Paramètres additionnels",module,Magento_Backend
"Add New","Ajouter",module,Magento_Backend
"Add New Image","Ajouter un Image",module,Magento_Backend
"Add New URL Rewrite","Nouvelle réécriture d'URL",module,Magento_Backend
"Add New Variable","Nouvelle Variable",module,Magento_Backend
"Add Secret Key to URLs","Ajouter une Clé Secrète aux URLs",module,Magento_Backend
"Add Store Code to Urls","Ajouter le code de la boutique aux URLs",module,Magento_Backend
"Add URL Rewrite","Ajouter une réécriture d'URL",module,Magento_Backend
"Add URL Rewrite for a Category","Ajoutez une réécriture d'URL pour une catégorie",module,Magento_Backend
"Add URL Rewrite for a Product","Ajoutez une réécriture d'URL pour un produit",module,Magento_Backend
"Add URL Rewrite for CMS page","Ajouter une réécriture d'URL pour une page CMS",module,Magento_Backend
"Admin","Admin",module,Magento_Backend
"Admin Base URL","URL de Base de l'Admin",module,Magento_Backend
"Admin Session Lifetime (seconds)","Durée de Vie de la Session Admin (en secondes)",module,Magento_Backend
"Admin User Emails","Emails de l'Administrateur",module,Magento_Backend
"Advanced","Avancé",module,Magento_Backend
"After selecting a new media storage location, press the Synchronize button to transfer all media to that location. Media will not be available in the new location until the synchronization process is complete.","Après la sélection d'un nouvel emplacement de stockage des médias, appuyez sur le bouton ""Synchroniser"" pour transférer tous les médias à cet emplacement. Les médias ne seront pas disponibles dans le nouvel emplacement jusqu'à ce que le processus de synchronisation soit terminé.",module,Magento_Backend
"All Cache","Tous les caches",module,Magento_Backend
"All Countries","Tous les pays",module,Magento_Backend
"All Files","Tous les fichiers",module,Magento_Backend
"Allow Countries","Autoriser les pays",module,Magento_Backend
"Allowed IPs (comma separated)","IPs autorisées (séparées par des virgules)",module,Magento_Backend
"Allows customers to stay logged in when switching between different stores.","Permet aux clients de rester connectés s'ils naviguent entre les différentes boutiques.",module,Magento_Backend
"Allow Symlinks","Autoriser les liens symboliques",module,Magento_Backend
"All Store Views","Toutes les vues magasin",module,Magento_Backend
"All Websites","Tous les sites web",module,Magento_Backend
"Alternative text for next link in pagination menu. If empty, default arrow image will used.","Texte alternatif pour le lien «suivant» dans le menu de pagination. Si vous le laissez vide, c'est la flèche par défaut qui sera utilisée.",module,Magento_Backend
"Alternative text for previous link in pagination menu. If empty, default arrow image will used.","Texte alternatif pour le lien « précédent » dans le menu de pagination. Si vous le laissez vide, c'est la flèche par défaut qui sera utilisée.",module,Magento_Backend
"Always (during development)","Toujours (pendant le développement)",module,Magento_Backend
"Amounts","Montants",module,Magento_Backend
"Anchor Text for Next","Texte d'ancrage pour suivant",module,Magento_Backend
"Anchor Text for Previous","Texte d'ancrage pour précédent",module,Magento_Backend
"An error occurred while clearing the image cache.","Erreur lors de la purge du cache des images.",module,Magento_Backend
"An error occurred while clearing the JavaScript/CSS cache.","Erreur lors de la purge du cache javascript/CSS.",module,Magento_Backend
"An error occurred while deleting URL Rewrite.","Une erreur est survenue pendant la suppression des réécritures d'URLs.",module,Magento_Backend
"An error occurred while disabling cache.","Une erreur s'est produite pendant la désactivation du cache.",module,Magento_Backend
"An error occurred while enabling cache.","Une erreur s'est produite pendant l'activation du cache.",module,Magento_Backend
"An error occurred while refreshing cache.","Une erreur s'est produite pendant le rafraîchissement du cache.",module,Magento_Backend
"An error occurred while saving account.","Erreur lors de la sauvegarde du compte.",module,Magento_Backend
"An error occurred while saving. Please review the error log.","Erreur lors de la sauvegarde. Vérifiez les logs.",module,Magento_Backend
"An error occurred while saving this configuration:","Erreur lors de la sauvegarde de cette configuration :",module,Magento_Backend
"An error occurred while saving URL Rewrite.","Une erreur est survenue pendant l'enregistrement de la réécriture d'URL.",module,Magento_Backend
"Any","Tout",module,Magento_Backend
"Any of the fields allow fully qualified URLs that end with '/' (slash) e.g. http://example.com/magento/","Chacun de ces champs peut utiliser une URL se terminant par '/' (slash) ex : http://example.com/magento/",module,Magento_Backend
"Any of the fields allow fully qualified URLs that end with '/' (slash) e.g. https://example.com/magento/","Chacun de ces champs peut utiliser une URL se terminant par '/' (slash) ex : https://example.com/magento/",module,Magento_Backend
"Are you sure?","Êtes-vous sûr(e) ?",module,Magento_Backend
"Are you sure you want to do this?","Êtes-vous sûr(e) de vouloir faire cela ?",module,Magento_Backend
"Authentication error occurred.","Une erreur d'authentification s'est produite.",module,Magento_Backend
"Authentication storage is incorrect.","Le stockage des authentifications est incorrect.",module,Magento_Backend
"Auto-redirect to Base URL","Rediriger automatiquement vers l'URL de base",module,Magento_Backend
"Average","Moyen",module,Magento_Backend
"Average Order","Moyenne des commandes",module,Magento_Backend
"Average Orders","Moyenne des commandes",module,Magento_Backend
"Back","Retour",module,Magento_Backend
"Backup Options","Options de sauvegarde",module,Magento_Backend
"Base currency","Devise de base",module,Magento_Backend
"Base Link URL","Lien vers l'URL de base",module,Magento_Backend
"Base URL","URL de Base",module,Magento_Backend
"Base URL for Static View Files","URL de base pour les fichiers statiques",module,Magento_Backend
"Base URL for User Media Files","URL de base pour les fichiers médias des utilisateurs",module,Magento_Backend
"Base URLs","URLs de Base",module,Magento_Backend
"Base URLs (Secure)","URLs de base (Sécurisées)",module,Magento_Backend
"Bcc","Bcc",module,Magento_Backend
"Before modifying the store view code please make sure it is not used in index.php.","Avant de modifier le code de vue magasin, assurez-vous qu'il n'est pas utilisé dans le fichier index.php.",module,Magento_Backend
"Before modifying the store view code please make sure that it is not used in index.php.","Avant de modifier le code de vue magasin, assurez-vous qu'il n'est pas utilisé dans le fichier index.php.",module,Magento_Backend
"Before modifying the website code please make sure it is not used in index.php.","Avant de modifier le code de site web, assurez-vous qu'il n'est pas utilisé dans le fichier index.php.",module,Magento_Backend
"Before modifying the website code please make sure that it is not used in index.php.","Avant de modifier le code de site web, assurez-vous qu'il n'est pas utilisé dans le fichier index.php.",module,Magento_Backend
"Bestsellers","Meilleures ventes",module,Magento_Backend
"Big Image","Grande Image",module,Magento_Backend
"Block Information","Information du bloc",module,Magento_Backend
"Browse Files...","Parcourir les fichiers...",module,Magento_Backend
"Cache Control","Contrôle du cache",module,Magento_Backend
"Cache Management","Gestion du cache",module,Magento_Backend
"Cache Storage Management","Gestion du cache",module,Magento_Backend
"Cache storage may contain additional data. Are you sure that you want flush it?","Le stockage de cache peut contenir d\'autres données. Êtes-vous sûr(e) de vouloir le purger ?",module,Magento_Backend
"Cache Type","Type de cache",module,Magento_Backend
"Cancel","Annuler",module,Magento_Backend
"Cannot delete the design change.","Impossible de supprimer le changement de design.",module,Magento_Backend
"Catalog","Catalogue",module,Magento_Backend
"Catalog Rewrites","Réécriture du catalogue",module,Magento_Backend
"Category:","Catégorie :",module,Magento_Backend
"Changes have been made to this section that have not been saved.","Des modifications ont été apportées à cette section qui n'a pas été encore sauvegardée.",module,Magento_Backend
"Chart is disabled. To enable the chart, click <a href=""%1"">here</a>.","Les données graphiques sont désactivées. Cliquez <a href=""%1"">ici</a> pour les activer.",module,Magento_Backend
"Chosen category does not associated with the chosen store.","La catégorie n'est pas associée à la boutique.",module,Magento_Backend
"Chosen cms page does not associated with any website.","La page CMS n'est pas associée à un site web.",module,Magento_Backend
"Chosen cms page does not associated with the chosen store.","La page CMS n'est pas associée à une boutique.",module,Magento_Backend
"Chosen product does not associated with the chosen store or category.","Le produit n'est pas associée à une boutique ou une catégorie.",module,Magento_Backend
"City","Ville",module,Magento_Backend
"Clear","Vider",module,Magento_Backend
"Close","Fermer",module,Magento_Backend
"CMS page:","Page CMS :",module,Magento_Backend
"Code","Code",module,Magento_Backend
"Communications","Communications",module,Magento_Backend
"Community Edition","Community Edition",module,Magento_Backend
"Configuration","Configuration",module,Magento_Backend
"Cookie Domain","Domaine du cookie",module,Magento_Backend
"Cookie Lifetime","Durée de vie des cookies",module,Magento_Backend
"Cookie Path","Chemin du cookie",module,Magento_Backend
"Cookie Restriction Mode","Mode de restriction de cookie",module,Magento_Backend
"Cookie (unsafe)","Cookie (non sécurisé)",module,Magento_Backend
"Copyright&copy; %1 Magento Commerce Inc. All rights reserved.","Copyright&copy; %1 Magento Commerce Inc. Tous droits réservés.",module,Magento_Backend
"Country","Pays",module,Magento_Backend
"Country Options","Options des pays",module,Magento_Backend
"Create DB Backup","Créer une sauvegarde de la base de données",module,Magento_Backend
"Create Store","Créer une boutique",module,Magento_Backend
"Create Store View","Créer une vue magasin",module,Magento_Backend
"Create URL Rewrite:","Créer une réécriture d'URL :",module,Magento_Backend
"Create Website","Créer un site web",module,Magento_Backend
"CSS Settings","Paramètres CSS",module,Magento_Backend
"Currency ""%1"" is used as %2 in %3.","La devise ""%1"" est utilisée comme %2 dans %3.",module,Magento_Backend
"Current Configuration Scope:","Portée de la configuration courante :",module,Magento_Backend
"Current Month","Mois en cours",module,Magento_Backend
"Current User Identity Verification","Vérification de l'identité de l'utilisateur actuel",module,Magento_Backend
"Custom","Personnalisé",module,Magento_Backend
"Custom Admin Path","Chemin d'accès au back office personnalisé",module,Magento_Backend
"Custom Admin URL","URL Admin personnalisée",module,Magento_Backend
"Custom Design","Design Personnalisé",module,Magento_Backend
"Custom Email 1","Email Personnalisé 1",module,Magento_Backend
"Custom Email 2","Email Personnalisé 2",module,Magento_Backend
"Customer","Client",module,Magento_Backend
"Customers","Clients",module,Magento_Backend
"Customer Support","Support client",module,Magento_Backend
"Customer View","Vue client",module,Magento_Backend
"Custom Variable ""%1""","Variable personnalisée ""%1""",module,Magento_Backend
"Custom Variables","Variables personnalisées",module,Magento_Backend
"Dashboard","Tableau de bord",module,Magento_Backend
"Database","Base de données",module,Magento_Backend
"Data Transfer","Transfert de données",module,Magento_Backend
"Date From","Du",module,Magento_Backend
"Date selector","Sélecteur de date",module,Magento_Backend
"Date To","Au",module,Magento_Backend
"Debug","Débogage",module,Magento_Backend
"Default Config","Configuration par défaut",module,Magento_Backend
"Default Cookie Settings","Paramètres par défaut des cookies",module,Magento_Backend
"Default Country","Pays par défaut",module,Magento_Backend
"Default display currency ""%1"" is not available in allowed currencies.","La devise affichée par défaut ""%1"" n'est pas disponible dans les devises autorisées.",module,Magento_Backend
"Default No-route URL","URL par défaut de la page pour une ressource non trouvée",module,Magento_Backend
"Default Pages","Pages par défaut",module,Magento_Backend
"Default scope","Portée par défaut",module,Magento_Backend
"Default Store","Boutique par défaut",module,Magento_Backend
"Default Store View","Vue magasin par défaut",module,Magento_Backend
"Default Web URL","URL web par défaut",module,Magento_Backend
"Delete %1","Supprimer %1",module,Magento_Backend
"Delete %1 '%2'","Supprimer %1 '%2'",module,Magento_Backend
"Delete","Supprimer",module,Magento_Backend
"[ deleted ]","[ effacé ]",module,Magento_Backend
" [deleted]","   [effacé]",module,Magento_Backend
"Delete File","Supprimer le fichier",module,Magento_Backend
"Delete Store","Supprimer la boutique",module,Magento_Backend
"Delete Store View","Supprimer la vue magasin",module,Magento_Backend
"Delete Web Site","Supprimer le site web",module,Magento_Backend
"Deleting a %1 will not delete the information associated with the %1 (e.g. categories, products, etc.), but the %1 will not be able to be restored. It is suggested that you create a database backup before deleting the %1.","Effacer un %1 n'effacera pas les informations associées avec le %1 (par ex. catégories, produits, etc.), mais il ne sera pas possible de restaurer le %1. Nous vous suggérons de créer une sauvegarde de la base de données avant d'effacer le %1.",module,Magento_Backend
"Description","Description",module,Magento_Backend
"Design","Design",module,Magento_Backend
"Design Change","Changement de Design",module,Magento_Backend
"Design Theme","Thème de design",module,Magento_Backend
"Developer","Développeur",module,Magento_Backend
"Developer Client Restrictions","Restrictions client développeur",module,Magento_Backend
"Disable","Désactiver",module,Magento_Backend
"Disabled","Désactivé",module,Magento_Backend
"Disable Email Communications","Désactiver les envois d'email",module,Magento_Backend
"Disable Modules Output","Désactiver la sortie des modules",module,Magento_Backend
"Discount","Remise",module,Magento_Backend
"Display default currency","Afficher la devise par défaut",module,Magento_Backend
"Edit","Modifier",module,Magento_Backend
"Edit Design Change","Modifier le changement de design",module,Magento_Backend
"Edit Store","Modifier la boutique",module,Magento_Backend
"Edit Store Design Change","Modifier le changement de design de la boutique",module,Magento_Backend
"Edit Store View","Modifier la vue magasin",module,Magento_Backend
"Edit URL Rewrite","Modifier la réécriture d'URL",module,Magento_Backend
"Edit URL Rewrite for a Category","Modifier une réécriture d'URL pour une catégorie",module,Magento_Backend
"Edit URL Rewrite for a Product","Modifer une réécriture d'URL pour un produit",module,Magento_Backend
"Edit URL Rewrite for CMS page","Modifer une réécriture d'URL pour une page CMS",module,Magento_Backend
"Edit Web Site","Modifier le site web",module,Magento_Backend
"Email","Email",module,Magento_Backend
"Email template chosen based on theme fallback when ""Default"" option is selected.","Le template d'email choisi est basé sur le thème parent lorsque l'option ""Défaut"" est sélectionnée.",module,Magento_Backend
"Enable","Activer",module,Magento_Backend
"Enable Charts","Activer les Graphiques",module,Magento_Backend
"Enabled","Activé",module,Magento_Backend
"Enabled for Admin","Activé pour l'admin",module,Magento_Backend
"Enabled for Frontend","Activé pour le frontend",module,Magento_Backend
"Enabled for Storefront","Activer pour le front office",module,Magento_Backend
"Enabled Template Path Hints for Admin","Activer les astuces chemin des gabarits sur le back office",module,Magento_Backend
"Enabled Template Path Hints for Storefront","Activer les astuces chemin des gabarits sur le front office",module,Magento_Backend
"Enable Javascript Bundling","Activer la concaténation des fichiers JavaScript",module,Magento_Backend
"Enable Single-Store Mode","Activer le mode ""mono-boutique""",module,Magento_Backend
"Environment Update Time","Temps de mise à jour de l'environnement",module,Magento_Backend
"Error","Erreur",module,Magento_Backend
"European Union Countries","Pays de l'Union Européenne",module,Magento_Backend
"Exceptions Log File Name","Nom du fichier de log d'exceptions",module,Magento_Backend
"Excl. Tax","HT",module,Magento_Backend
"Export","Exporter",module,Magento_Backend
"Export block for grid %1 is not defined","Le bloc d'export pour la grille %1 n'est pas défini",module,Magento_Backend
"Export to:","Exporter vers :",module,Magento_Backend
"Extensions","Extensions",module,Magento_Backend
"File extension not known or unsupported type.","Extension de fichier non reconnue ou non supportée.",module,Magento_Backend
"File System","Système de fichiers",module,Magento_Backend
"Find a string in client user-agent header and switch to specific design theme for that browser.","Analyse une chaîne dans l'en-tête ""User-Agent"" par le navigateur client et sélectionne un design spécifique pour ce navigateur.",module,Magento_Backend
"First Day of Week","Premier jour de la semaine",module,Magento_Backend
"First Name","Prénom",module,Magento_Backend
"Flush Cache Storage","Vider le cache",module,Magento_Backend
"Flush Catalog Images Cache","Vider le cache des images du catalogue",module,Magento_Backend
"Flush JavaScript/CSS Cache","Vider le cache JavaScript/CSS",module,Magento_Backend
"Flush Magento Cache","Vider le cache Magento",module,Magento_Backend
"Flush Static Files Cache","Vider le cache des fichiers statiques",module,Magento_Backend
"For category","Pour une catégorie",module,Magento_Backend
"For CMS page","Pour une page CMS",module,Magento_Backend
"Forgot and Reset Email Sender","Expéditeur de l'email d'oubli et réinitialisation de mot de passe",module,Magento_Backend
"Forgot Password Email Template","Gabarit de l'email d'oubli de mot de passe",module,Magento_Backend
"For product","Pour un produit",module,Magento_Backend
"For Windows server only.","Pour les serveurs windows uniquement.",module,Magento_Backend
"From","De",module,Magento_Backend
"General","Général",module,Magento_Backend
"General Contact","Contact général",module,Magento_Backend
"General Settings","Paramètres généraux",module,Magento_Backend
"[GLOBAL]","[GLOBAL]",module,Magento_Backend
"Global Attribute","Attribut global",module,Magento_Backend
"Go Today","Aller à aujourd'hui",module,Magento_Backend
"Grand Total","Montant global",module,Magento_Backend
"Guest","Invité",module,Magento_Backend
"Help Us Keep Magento Healthy - Report All Bugs","Aidez-nous à améliorer Magento - Signalez tous les bugs",module,Magento_Backend
"Home","Accueil",module,Magento_Backend
"Host","Serveur",module,Magento_Backend
"Hour","Heure",module,Magento_Backend
"How many links to display at once.","Nombre de liens à afficher à la fois.",module,Magento_Backend
"HTTPS (SSL)","HTTPS (SSL)",module,Magento_Backend
"HTTP (unsecure)","HTTP (non sécurisé)",module,Magento_Backend
"ID","ID",module,Magento_Backend
"ID Path","ID chemin",module,Magento_Backend
"If the current frame position does not cover utmost pages, will render link to current position plus/minus this value.","Si la trame de pagination ne couvre pas les pages aux extrémités, Magento affichera les liens vers la page en cours plus ou moins la valeur ci-dessus.",module,Magento_Backend
"If you continue to receive this message, please contact the store owner.","Si ce message persiste, veuillez nous contacter.",module,Magento_Backend
"Image Adapter","Générateur d'image",module,Magento_Backend
"Image Processing Settings","Paramètres de traitement d'image",module,Magento_Backend
"Images","Images",module,Magento_Backend
"Images Cache","Cache des images",module,Magento_Backend
"Images (.gif, .jpg, .png)","Images (.gif, .jpg, .png)",module,Magento_Backend
"Import History","Historique d'import",module,Magento_Backend
"Incl. Tax","TTC",module,Magento_Backend
"Interface Language","Langage de l'interface",module,Magento_Backend
"Interface Locale","Langue de l'interface",module,Magento_Backend
"Invalid %1. %2","Invalide %1. %2",module,Magento_Backend
"Invalidated","Invalidé",module,Magento_Backend
"Invalid export type supplied for grid export block","Le type d'exportation est invalide",module,Magento_Backend
"Invalid Form Key. Please refresh the page.","Clé de formulaire invalide. Veuillez actualiser la page.",module,Magento_Backend
"invalid request","requête invalide",module,Magento_Backend
"Inventory Stock Status","Statut du stock de l'inventaire",module,Magento_Backend
"IP Address","Adresse IP",module,Magento_Backend
"Items","Articles",module,Magento_Backend
"items selected","éléments sélectionnés",module,Magento_Backend
"JavaScript/CSS","JavaScript/CSS",module,Magento_Backend
"JavaScript/CSS Cache","Cache JavaScript/CSS",module,Magento_Backend
"JavaScript may be disabled in your browser.","JavaScript est peut être désactivé dans votre navigateur.",module,Magento_Backend
"JavaScript Settings","Paramètres JavaScript",module,Magento_Backend
"Last 5 Orders","5 dernières commandes",module,Magento_Backend
"Last 5 Search Terms","5 derniers termes recherchés",module,Magento_Backend
"Last 7 Days","7 derniers jours",module,Magento_Backend
"Last 24 Hours","Dernières 24 heures",module,Magento_Backend
"Last Name","Nom",module,Magento_Backend
"Last Orders","Dernières commandes",module,Magento_Backend
"Last Search Terms","Derniers termes recherchés",module,Magento_Backend
"Leave empty for access from any location.","Laissez vide si vous souhaitez y accéder depuis n'importe où.",module,Magento_Backend
"Lifetime Sales","Ventes depuis le début",module,Magento_Backend
"Loading...","Chargement en cours...",module,Magento_Backend
"Locale","Locale",module,Magento_Backend
"Locale Options","Options de localisation",module,Magento_Backend
"Logging from PsrLogLoggerInterface. File is located in {{base_dir}}/var/log","Log depuis PsrLogLoggerInterface. fichier situé dans le répertoire {{base_dir}}/var/log",module,Magento_Backend
"Log in","Se connecter",module,Magento_Backend
"Login is Case Sensitive","L'identifiant utilisateur est sensible à la casse",module,Magento_Backend
"Log into Magento Admin Page","Connexion à l'administration Magento",module,Magento_Backend
"Logo Image","Image du logo",module,Magento_Backend
"Logo Image Alt","Texte alternatif du logo",module,Magento_Backend
"Log Settings","Paramètres de log",module,Magento_Backend
"Magento","Magento",module,Magento_Backend
"Magento Admin","Admin Magento",module,Magento_Backend
"Magento Admin Panel","Panneau d'administration de Magento",module,Magento_Backend
"Magento ver. %1","Magento ver. %1",module,Magento_Backend
"Mail Sending Settings","Paramètres d'envoi des emails",module,Magento_Backend
"Make sure that base URL ends with '/' (slash), e.g. http://yourdomain/magento/","Assurez-vous que l'URL se termine par un '/' (slash), ex : http://yourdomain/magento/",module,Magento_Backend
"Manage Stores","Gérer les boutiques",module,Magento_Backend
"Marketing","Marketing",module,Magento_Backend
"Mass Actions","Actions de masse",module,Magento_Backend
"Maximum sender name length is 255. Please correct your settings.","La longueur maximale du nom de l'expéditeur est de 255. Veuillez corriger vos paramètres.",module,Magento_Backend
"May be empty or start with {{secure_base_url}}, or {{unsecure_base_url}} placeholder.","Peut être vide ou commencer par la variable {{secure_base_url}} ou {{unsecure_base_url}}.",module,Magento_Backend
"May be empty or start with {{unsecure_base_url}} placeholder.","Peut être vide ou commencer par la variable {{unsecure_base_url}}.",module,Magento_Backend
"Media (.avi, .flv, .swf)","Média (.avi, .flv, .swf)",module,Magento_Backend
"Media Storage","Stockage des médias",module,Magento_Backend
"Merge CSS Files","Fusionner les fichiers CSS",module,Magento_Backend
"Merge JavaScript Files","Fusionner les fichiers JavaScript",module,Magento_Backend
"Minify CSS Files","Minifier les fichiers CSS",module,Magento_Backend
"Minify Html","Minifier le HTML",module,Magento_Backend
"Minify JavaScript Files","Minifier les fichiers JavaScript",module,Magento_Backend
"Minute","Minute",module,Magento_Backend
"Most Viewed Products","Produits les plus consultés",module,Magento_Backend
"My Account","Mon compte",module,Magento_Backend
"Name","Nom",module,Magento_Backend
"Never (production)","Jamais (en production)",module,Magento_Backend
"New ","Nouveau ",module,Magento_Backend
"New Customers","Nouveaux clients",module,Magento_Backend
"New Custom Variable","Nouvelle variable personnalisée",module,Magento_Backend
"[New/Edit] URL Rewrite","[Ajouter/Modifier] Une Réécriture d'URL",module,Magento_Backend
"New Password","Nouveau mot de passe",module,Magento_Backend
"New Store","Nouvelle boutique",module,Magento_Backend
"New Store Design Change","Nouveau changement de design",module,Magento_Backend
"New Store View","Nouvelle vue magasin",module,Magento_Backend
"New Web Site","Nouveau site web",module,Magento_Backend
"Next","Suivant",module,Magento_Backend
"Next page","Page suivante",module,Magento_Backend
"No","Non",module,Magento_Backend
"No change","Aucun changement",module,Magento_Backend
"No Data Found","Aucune donnée trouvée",module,Magento_Backend
"No records found.","Aucun élément trouvé.",module,Magento_Backend
"No search modules were registered","Aucun module de recherche n'a été sauvegardé",module,Magento_Backend
"-- No Theme --","-- aucun thème --",module,Magento_Backend
"of %1","sur %1",module,Magento_Backend
"Offloader header","En-tête de transcodeur",module,Magento_Backend
"Only Once (version upgrade)","Une fois seulement (mise à jour de version)",module,Magento_Backend
"Optional","Facultatif",module,Magento_Backend
"Options","Options",module,Magento_Backend
"Order #%1","Commande #%1",module,Magento_Backend
"Order #%1 (%2)","Commande #%1 (%2)",module,Magento_Backend
"Order","Commande",module,Magento_Backend
"Order Quantity","Quantité commandée",module,Magento_Backend
"Orders","Commandes",module,Magento_Backend
"Page","Page",module,Magento_Backend
"Pagination","Pagination",module,Magento_Backend
"Pagination Frame","Pagination",module,Magento_Backend
"Pagination Frame Skip","Taille de la Pagination",module,Magento_Backend
"password","mot de passe",module,Magento_Backend
"Password:","Mot de passe :",module,Magento_Backend
"Password","Mot de passe",module,Magento_Backend
"Password Confirmation","Confirmation du mot de passe",module,Magento_Backend
"per page","par page",module,Magento_Backend
"Personal Information","Informations personnelles",module,Magento_Backend
"Please confirm scope switching. All data that hasn't been saved will be lost.","Confirmez-vous le changement de site ? Toutes les données non sauvegardées seront perdues.",module,Magento_Backend
"Please confirm scope switching. All data that hasn't been saved will be lost.","Confirmez-vous le changement de site ? Toutes les données non sauvegardées seront perdues.",module,Magento_Backend
"Please correct the column format and try again.","Veuillez corriger le format colonne et essayez à nouveau.",module,Magento_Backend
"Please correct the email address: ""%1"".","Veuillez corriger l'adresse email : ""%1"".",module,Magento_Backend
"Please correct the tab configuration and try again.","Veuillez corriger la configuration de l'onglet et essayer à nouveau.",module,Magento_Backend
"Please correct the tab configuration and try again. Tab Id should be not empry","Veuillez corriger la configuration de l'onglet et essayer à nouveau. L'ID de l'onglet ne devrait pas être vide",module,Magento_Backend
"Please correct the timezone.","Veuillez corriger le fuseau horaire.",module,Magento_Backend
"Please enter 6 or more characters.","Veuillez saisir au moins 6 caractères.",module,Magento_Backend
"Please enter a number 1 or greater in this field.","Veuillez saisir un nombre supérieur ou égal à 1.",module,Magento_Backend
"Please enter a number greater than 0 in this field.","Veuillez saisir un nombre supérieur à 0 dans ce champ.",module,Magento_Backend
"Please enter a valid credit card number.","Veuillez saisir un numéro de carte bancaire valide.",module,Magento_Backend
"Please enter a valid date.","Veuillez saisir une date valide.",module,Magento_Backend
"Please enter a valid dollar amount (for example, $100.00).","Veuillez saisir un montant en dollar valide (par exemple, $100.00).",module,Magento_Backend
"Please enter a valid email address(for example johndoe@domain.com.).","Veuillez saisir une adresse email valide. Par exemple prenom.nom@domaine.com.",module,Magento_Backend
"Please enter a valid number in this field.","Veuillez saisir un nombre valide.",module,Magento_Backend
"Please enter a valid password.","Veuillez saisir un mot de passe valide.",module,Magento_Backend
"Please enter a valid phone number (for example, (123) 456-7890 or 123-456-7890).","Veuillez saisir un numéro de téléphone valide.",module,Magento_Backend
"Please enter a valid social security number (for example, 123-45-6789).","Veuillez renseigner un numéro de sécurité sociale valide (ex : 1-68-04-10-115-045-97).",module,Magento_Backend
"Please enter a valid URL (for examples, http://www.example.com or www.example.com).","Veuillez saisir une URL valide (par exemple, http://www.example.com ou www.example.com).",module,Magento_Backend
"Please enter a valid URL (for example, the URL must begin with ""http://"").","Veuillez saisir une URL valide (doit commencer par ""http://"").",module,Magento_Backend
"Please enter a valid zip code.","Veuillez saisir un code postal valide.",module,Magento_Backend
"Please enter a valid zip code (for example, 90602 or 90602-1234).","Veuillez saisir un code postal valide. Par exemple 92100.",module,Magento_Backend
"Please enter only letters (a-z) into this field.","Veuillez saisir uniquement des lettres (a-z) dans ce champ.",module,Magento_Backend
"Please enter only letters (a-z), numbers (0-9), spaces and the ""#"" character into this field.","Veuillez saisir uniquement des lettres (a-z), nombres (0-9), espaces et ""#"" dans ce champ.",module,Magento_Backend
"Please enter only numbers (0-9) or letters (a-z) into this field.","Veuillez saisir uniquement nombres (0-9) ou des lettres (a-z) dans ce champ.",module,Magento_Backend
"Please enter only numbers (1-9) into this field. Do not use spaces, commas, or any other characters.","Veuillez saisir uniquement nombres (1-9) dans ce champ. N'utilisez pas d'espaces, virgules ou tout autre caractères.",module,Magento_Backend
"Please enter only numbers or letters into this field. Do not use spaces, commas, or any other characters.","Veuillez saisir uniquement des nombres ou des lettres dans ce champ. N'utilisez pas d'espaces, virgules ou tout autre caractère.",module,Magento_Backend
"Please make sure that all global admin search modules are installed and activated.","Vérifiez que tous les modules admin de recherche sont installés et activés.",module,Magento_Backend
"Please make sure your passwords match.","Vérifiez que vos mots de passe concordent.",module,Magento_Backend
"-- Please Select --","-- Faire un choix --",module,Magento_Backend
"Please select an option.","Sélectionnez une option.",module,Magento_Backend
"Please select items.","Veuillez sélectionner un élement.",module,Magento_Backend
"Please select one of these options.","Choisir une des options suivantes.",module,Magento_Backend
"Please select State/Province.","Veuillez choisir un état/province.",module,Magento_Backend
"Please specify the admin custom URL.","Spécifiez l'URL d'Admin personnalisée.",module,Magento_Backend
"Please try to log out and sign in again.","Veuillez vous déconnecter et reconnecter.",module,Magento_Backend
"Please try to sign out and sign in again.","Veuillez vous déconnecter et essayer vous reconnecter.",module,Magento_Backend
"Please use this date format: dd/mm/yyyy. For example, enter ""17/03/2006"" to represent March 17, 2006.","Utilisez le format de date suivant : dd/mm/yyyy. Par exemple, saisissez ""02/04/2014"" pour obtenir 02 Avril 2014.",module,Magento_Backend
"Please wait...","Veuillez patienter...",module,Magento_Backend
"Please wait, loading...","Veuillez patienter, chargement en cours...",module,Magento_Backend
"Port (25)","Port (25)",module,Magento_Backend
"Pregenerated product images files","Fichiers des images produits prégénérés",module,Magento_Backend
"Preprocessed view files and static files","Fichiers de vue et fichiers statiques prétraités",module,Magento_Backend
"Previous","Précédent",module,Magento_Backend
"Previous page","Page précédente",module,Magento_Backend
"Price","Prix",module,Magento_Backend
"Product:","Produit :",module,Magento_Backend
"Product","Produit",module,Magento_Backend
"Quantity","Quantité",module,Magento_Backend
"Rebuild","Reconstruire",module,Magento_Backend
"Rebuild Catalog Index","Reconstruire l'index du catalogue",module,Magento_Backend
"Rebuild Flat Catalog Category","Reconstruire le catalogue à plat des catégories",module,Magento_Backend
"Rebuild Flat Catalog Product","Reconstruire le catalogue à plat des produits",module,Magento_Backend
"records found","enregistrements trouvés",module,Magento_Backend
"Recovery Link Expiration Period (days)","Durée avant expiration d'un lien de récupération (en jours)",module,Magento_Backend
"Redirect","Rediriger",module,Magento_Backend
"Refresh","Rafraîchir",module,Magento_Backend
"Region/State","Région/État",module,Magento_Backend
"Reload Data","Recharger les données",module,Magento_Backend
"Report Bugs","Rapporter un Bug",module,Magento_Backend
"Request Path","Chemin de requête",module,Magento_Backend
"Required","Requis",module,Magento_Backend
"Reset","Réinitialiser",module,Magento_Backend
"Reset Filter","Réinitialiser le Filtre",module,Magento_Backend
"Reset to Default","Utiliser les valeurs par défaut",module,Magento_Backend
"Results","Résultats",module,Magento_Backend
"Return-Path Email","Adresse email de réponse",module,Magento_Backend
"Revenue","Chiffre d'affaires",module,Magento_Backend
"Root Category","Catégorie racine",module,Magento_Backend
"Sales Representative","Représentant des ventes",module,Magento_Backend
"Save","Enregistrer",module,Magento_Backend
"Save Account","Enregistrer le compte",module,Magento_Backend
"Save and Continue Edit","Enregistrer et continuer la modification",module,Magento_Backend
"Save Cache Settings","Enregistrer les paramètres du cache",module,Magento_Backend
"Save Config","Enregistrer la configuration",module,Magento_Backend
"Save Store","Enregistrer la boutique",module,Magento_Backend
"Save Store View","Enregistrer la vue magasin",module,Magento_Backend
"Save Web Site","Enregistrer le site web",module,Magento_Backend
"Scope:","Portée :",module,Magento_Backend
"Search","Rechercher",module,Magento_Backend
"Search Engine Optimization","Optimisation pour les moteurs de recherche",module,Magento_Backend
"Search Index","Index de recherche",module,Magento_Backend
"Search String","Chaîne de recherche",module,Magento_Backend
"Search strings are either normal strings or regular exceptions (PCRE). They are matched in the same order as entered. Examples:<br /><span style=""font-family:monospace"">Firefox<br />/^mozilla/i</span>","Les recherches sont des chaines de caractères ou des expressions régulières (PCRE). Elles correspondent à leur ordre de saisie. Exemples : <br><span style=""font-family:monospace"">Firefox<br>/^mozilla/i</span>",module,Magento_Backend
"Search Term","Terme de recherche",module,Magento_Backend
"Secure Base Link URL","URL de base sécurisée",module,Magento_Backend
"Secure Base URL","URL de base sécurisée",module,Magento_Backend
"Secure Base URL for Static View Files","URL de base sécurisée pour les fichiers statiques",module,Magento_Backend
"Secure Base URL for User Media Files","URL de base sécurisée pour les fichiers médias des utilisateurs",module,Magento_Backend
"Security","Sécurité",module,Magento_Backend
"see error log for details","consultez le journal des logs pour plus de détails",module,Magento_Backend
"Select All","Sélectionner tout",module,Magento_Backend
"Select Category","Sélectionner une catégorie",module,Magento_Backend
"selected","sélectionné",module,Magento_Backend
"Selected allowed currency ""%1"" is not available in installed currencies.","La devise sélectionnée ""%1"" n'est pas disponible dans les devises installées.",module,Magento_Backend
"Select Media Database","Sélectionner la base de données média",module,Magento_Backend
"Select Range:","Sélectionner la plage :",module,Magento_Backend
"Select Visible","Sélectionner les éléments visibles",module,Magento_Backend
"Sender Email","Email de l'expéditeur",module,Magento_Backend
"Sender Name","Nom de l'expéditeur",module,Magento_Backend
"SEO & Search","SEO & recherche",module,Magento_Backend
"Separate Email","Email Séparé",module,Magento_Backend
"Services","Services",module,Magento_Backend
"Service unavailable: %1","Service inaccessible : %1",module,Magento_Backend
"Session Validation Settings","Paramètres de validation de session",module,Magento_Backend
"Set as Default","Définir par défaut",module,Magento_Backend
"Set Return-Path","Renseigner le chemin de retour",module,Magento_Backend
"Shipping","Livraison",module,Magento_Backend
"Shipping Amount","Montant de la livraison",module,Magento_Backend
"Sign in","Connexion",module,Magento_Backend
"Sign Out","Se déconnecter",module,Magento_Backend
"Sign Static Files","Signer les fichiers statiques",module,Magento_Backend
"Single-Store Mode","Mode ""mono-boutique""",module,Magento_Backend
"Skip Category Selection","Passer la sélection de catégorie",module,Magento_Backend
"SKU","SKU",module,Magento_Backend
"Something went wrong. Please try again.","Une erreur s'est produite. Veuillez réessayer.",module,Magento_Backend
"Something went wrong while saving. Please review the error log.","Une erreur s'est produite lors de la sauvegarde. Veuillez vérifier le journal des erreurs.",module,Magento_Backend
"Sorry, the default display currency you selected in not available in allowed currencies.","La devise par défaut choisie n'est pas disponible dans la liste des devises autorisées.",module,Magento_Backend
"Sorry, we haven't installed the base currency you selected.","Désolé, nous avons pas installé la devise de base que vous avez sélectionnée.",module,Magento_Backend
"Sorry, we haven't installed the default display currency you selected.","Désolé, nous avons pas installé la devise d'affichage par défaut que vous avez sélectionnée.",module,Magento_Backend
"Sort Order","Ordre de Tri",module,Magento_Backend
"Specified","Spécifié",module,Magento_Backend
"Specified cache type(s) don't exist: %1","Les types de cache spécifiés n'existent pas : %1",module,Magento_Backend
"Specified cache type(s) don't exist: ","Types(s) de cache spécifié(s) inexistant(s) ",module,Magento_Backend
"Specify a fully qualified URL.","Spécifiez une URL qualifiée.",module,Magento_Backend
"Specify a URL or path that starts with placeholder(s): %1, and ends with ""/"".","Spécifiez une URL ou un chemin qui commence par : %1, et se termine par ""/"".",module,Magento_Backend
"Specify URL or {{base_url}}, or {{unsecure_base_url}} placeholder.","Spécifiez l'URL ou utilisez la variable {{base_url}}.",module,Magento_Backend
"Specify URL or {{base_url}} placeholder.","Spécifiez l'URL ou utilisez la variable {{base_url}}.",module,Magento_Backend
"Startup Page","Page d'accueil",module,Magento_Backend
"Static Files Settings","Paramètres des fichiers statiques",module,Magento_Backend
"Status","Statut",module,Magento_Backend
"Storage Configuration for Media","Configuration du stockage des médias",module,Magento_Backend
"store(%1) scope","portée de la boutique (%1)",module,Magento_Backend
"Store","Boutique",module,Magento_Backend
"Store Design","Design de la boutique",module,Magento_Backend
"Store Email Addresses","Adresses email de la boutique",module,Magento_Backend
"Store Hours of Operation","Heures d'ouvertures de la boutique",module,Magento_Backend
"Store Information","Informations sur la boutique",module,Magento_Backend
"Store Name","Nom de la boutique",module,Magento_Backend
"Store Phone Number","Numéro de téléphone de la boutique",module,Magento_Backend
"Stores","Boutiques",module,Magento_Backend
"Stores Configuration","Configuration des boutiques",module,Magento_Backend
"Store View","Vue magasin",module,Magento_Backend
"Store View:","Vue magasin :",module,Magento_Backend
"[STORE VIEW]","[VUE MAGASIN]",module,Magento_Backend
"Store view doesn't exist","La vue magasin n'existe pas",module,Magento_Backend
"Store View Information","Information de vue magasin",module,Magento_Backend
"Street Address","Adresse",module,Magento_Backend
"Street Address Line 2","Adresse ligne 2",module,Magento_Backend
"Submit","Envoyer",module,Magento_Backend
"Subtotal","Sous-total",module,Magento_Backend
"Synchronize","Synchroniser",module,Magento_Backend
"Synchronizing %1 to %2","Synchronisation en cours de %1 vers %2",module,Magento_Backend
"Synchronizing...","Synchronisation en cours...",module,Magento_Backend
"System","Système",module,Magento_Backend
"System(config.xml, local.xml) and modules configuration files(config.xml, menu.xml).","Système (config.xml, local.xml) et fichiers de configuration modules (config.xml, menu.xml).",module,Magento_Backend
"System Log File Name","Nom de fichier de logs système",module,Magento_Backend
"Tags","Tags",module,Magento_Backend
"Target Path","Chemin cible",module,Magento_Backend
"Tax","Taxe",module,Magento_Backend
"Tax Amount","Montant TVA",module,Magento_Backend
"Template Path Hints","Astuce chemin des gabarits",module,Magento_Backend
"Template Settings","Paramètres de gabarit",module,Magento_Backend
"The account has been saved.","Le compte a été sauvegardé.",module,Magento_Backend
"The base directory to upload file is not specified.","Le répertoire de base pour charger l'image n'est pas spécifié.",module,Magento_Backend
"The cache storage may contain additional data. Are you sure that you want to flush it?","Le  cache peut contenir d\'autres données. Êtes-vous sûr(e) de vouloir le vider ?",module,Magento_Backend
"The database was backed up.","La base de données a été sauvegardée.",module,Magento_Backend
"The file you're uploading exceeds the server size limit of %1 kilobytes.","Le fichier chargé dépasse la limite de taille du serveur de %1 Ko.",module,Magento_Backend
"The image cache was cleaned.","Le cache des images a été nettoyé.",module,Magento_Backend
"The information in this tab has been changed.","Les informations contenues dans cet onglet ont été changées.",module,Magento_Backend
"The JavaScript/CSS cache has been cleaned.","Le cache javascript/CSS a été nettoyé.",module,Magento_Backend
"The Magento cache storage has been flushed.","Le cache Magento a été purgé.",module,Magento_Backend
"Themes JavaScript and CSS files combined to one file.","Fichiers de thèmes JavaScript et CSS combinés en un seul fichier.",module,Magento_Backend
"There are no search keywords.","Il n'y a aucun mot clé de recherche.",module,Magento_Backend
"The sender name ""%1"" is not valid. Please use only visible characters and spaces.","Le nom de l'expéditeur ""%1"" n'est pas valide. Veuillez utilisez uniquement des caractères et des espaces.",module,Magento_Backend
"The specified image adapter cannot be used because of: %1","Adapter image ne peut être utilisé : %1",module,Magento_Backend
"The static files cache has been cleaned.","Le cache des fichiers statiques a été vidé.",module,Magento_Backend
"The store does not exist","La boutique n'existe pas",module,Magento_Backend
"The store has been deleted.","La boutique a été supprimé.",module,Magento_Backend
"The store has been saved.","La boutique a été sauvegardé.",module,Magento_Backend
"The store view has been deleted.","La vue magasin a été supprimée.",module,Magento_Backend
"The store view has been saved","La vue magasin a été sauvegardée",module,Magento_Backend
"The timeout limit for response from synchronize process was reached.","La limite du délai d'attente de la réponse du processus de synchronisation a été atteinte.",module,Magento_Backend
"The URL Rewrite has been deleted.","La réécriture d'URL a été effacée.",module,Magento_Backend
"The URL Rewrite has been saved.","La réécriture d'URL a été sauvegardée.",module,Magento_Backend
"The website does not exist.","Le site web n'existe pas.",module,Magento_Backend
"The website has been deleted.","Le site web a été supprimé.",module,Magento_Backend
"The website has been saved.","Le site web a été sauvegardé.",module,Magento_Backend
"This attribute shares the same value in all stores.","Cet attribut partage les mêmes valeurs dans toutes les boutiques.",module,Magento_Backend
"This is a required field.","Ce champ est obligatoire.",module,Magento_Backend
"This is only a demo store. You can browse and place orders, but nothing will be processed.","Ceci est une boutique de démonstration. Vous pouvez naviguer et passer des commandes, mais aucune ne pourra être traitée.",module,Magento_Backend
"This section is not allowed.","Cette section n'est pas autorisée.",module,Magento_Backend
"This setting will not be taken into account if system has more than one store view.","Ce paramètre ne sera pas pris en compte si le système a plus d'une vue magasin.",module,Magento_Backend
"This store cannot be deleted.","Cette boutique ne peut pas être supprimée.",module,Magento_Backend
"This store view cannot be deleted.","Cette vue magasin ne peut pas être supprimée.",module,Magento_Backend
"This tab contains invalid data. Please resolve this before saving.","Cet onglet contient des données invalides. Veuillez les corriger avant de sauvegarder.",module,Magento_Backend
"This tab contains invalid data. Please solve the problem before saving.","Cet onglet contient des données non valides. Veuillez résoudre le problème avant de sauvegarder.",module,Magento_Backend
"This website cannot be deleted.","Ce site web ne peut pas être effacé.",module,Magento_Backend
"Thumbnail","Vignette",module,Magento_Backend
"Time","Temps",module,Magento_Backend
"Timezone","Fuseau horaire",module,Magento_Backend
"Title","Titre",module,Magento_Backend
"title","titre",module,Magento_Backend
"To","À",module,Magento_Backend
"Top 5 Search Terms","5 termes les plus recherchés",module,Magento_Backend
"Top destinations","Top destinations",module,Magento_Backend
"Top Search Terms","Termes les plus recherchés",module,Magento_Backend
"Total %1 records found","%1 enregistrements trouvés",module,Magento_Backend
"Total","Total",module,Magento_Backend
"Total incl. tax","Total TTC",module,Magento_Backend
"To use this website you must first enable JavaScript in your browser.","Pour utiliser ce site dans les meilleures conditions, vous devez activer JavaScript dans votre navigateur.",module,Magento_Backend
"Transactional Emails","Emails transactionnels",module,Magento_Backend
"Translate, blocks and other output caches should be disabled for both frontend and admin inline translations.","Les caches de traduction, de blocs et autres sorties doivent être désactivés pour utiliser la traduction en ligne.",module,Magento_Backend
"Translate, blocks and other output caches should be disabled for both Storefront and Admin inline translations.","Les caches de traduction, de blocs et autres sorties doivent être désactivés pour utiliser la traduction en ligne sur le font office et sur le back office.",module,Magento_Backend
"Translate Inline","Traduire en ligne",module,Magento_Backend
"Type","Type",module,Magento_Backend
"Unable to delete store. Please, try again later.","Impossible de supprimer la boutique. Veuillez réessayer ultérieurement.",module,Magento_Backend
"Unable to delete store view. Please, try again later.","Impossible de supprimer la vue magasin. Veuillez réessayer ultérieurement.",module,Magento_Backend
"Unable to delete website. Please, try again later.","Impossible de supprimer le site web. Veuillez réessayer ultérieurement.",module,Magento_Backend
"Unable to proceed. Please, try again.","Impossible de continuer. Veuillez réessayer ultérieurement.",module,Magento_Backend
"Unable to proceed. Please, try again","Impossible de continuer. Veuillez réessayer ultérieurement",module,Magento_Backend
"Unknown block type","Type de bloc inconnu",module,Magento_Backend
"Unselect All","Désélectionner tout",module,Magento_Backend
"Unselect Visible","Désélectionner les éléments visibles",module,Magento_Backend
"URL Key","Clé d'URL",module,Magento_Backend
"Url Options","Options d'URL",module,Magento_Backend
"URL Rewrite Information","Information sur la réécriture d'URL",module,Magento_Backend
"URL Rewrite Management","Gestion de réécriture d'URL",module,Magento_Backend
"URL Rewrites","Réécritures d'URL",module,Magento_Backend
"Use Custom Admin Path","Utiliser le chemin d'accès au back office personnalisé",module,Magento_Backend
"Use Custom Admin URL","Utiliser une URL Admin personnalisée",module,Magento_Backend
"Use Default","Utiliser la valeur par défaut",module,Magento_Backend
"Use Default Variable Values","Utiliser les valeurs par défaut",module,Magento_Backend
"Use HTTP Only","Utiliser Uniquement HTTP",module,Magento_Backend
"User-Agent Exceptions","Exceptions User-Agent",module,Magento_Backend
"User Content","Contenus des Utilisateurs",module,Magento_Backend
"User Email","Email Utilisateur",module,Magento_Backend
"User Name:","Nom d'utilisateur :",module,Magento_Backend
"User Name","Nom d'utilisateur",module,Magento_Backend
"Username","Nom d'utilisateur",module,Magento_Backend
"user name","nom d'utilisateur",module,Magento_Backend
"Uses","Utilisations",module,Magento_Backend
"Use Secure URLs in Admin","Utiliser des URLs sécurisées dans l'Administration",module,Magento_Backend
"Use Secure URLs in Frontend","Utiliser des URLs sécurisées pour le frontend",module,Magento_Backend
"Use Secure URLs on Storefront","Utiliser des URLs sécurisées sur le front office",module,Magento_Backend
"Use SID on Frontend","Utiliser un SID dans le front office",module,Magento_Backend
"Use SID on Storefront","Utiliser SID sur le front office",module,Magento_Backend
"Use Web Server Rewrites","Utiliser les réécritures du serveur web",module,Magento_Backend
"Use Website","Valeur du site web",module,Magento_Backend
"Validate HTTP_USER_AGENT","Valider HTTP_USER_AGENT",module,Magento_Backend
"Validate HTTP_VIA","Valider HTTP_VIA",module,Magento_Backend
"Validate HTTP_X_FORWARDED_FOR","Valider HTTP_X_FORWARDED_FOR",module,Magento_Backend
"Validate REMOTE_ADDR","Valider REMOTE_ADDR",module,Magento_Backend
"Value must be a URL or one of placeholders: %1","La valeur doit être une URL ou un des variables : %1",module,Magento_Backend
"Values less than 60 are ignored.","Les valeurs inférieures à 60 sont ignorées.",module,Magento_Backend
"Variable","Variable",module,Magento_Backend
"Variable Code","Code de la variable",module,Magento_Backend
"Variable HTML Value","Valeur HTML de la variable",module,Magento_Backend
"Variable ID","Identifiant de la variable",module,Magento_Backend
"Variable Name","Nom de la variable",module,Magento_Backend
"Variable Plain Value","Valeur texte de la variable",module,Magento_Backend
"VAT number","Numéro de TVA",module,Magento_Backend
"VAT Number","Numéro de TVA",module,Magento_Backend
"ver. %1","ver. %1",module,Magento_Backend
"View","Voir",module,Magento_Backend
"Views","Vues",module,Magento_Backend
"View Statistics For:","Voir les statistiques pour :",module,Magento_Backend
"Warning! Enabling this feature is not recommended on production environments because it represents a potential security risk.","Attention ! L'activation de cette fonctionnalité n'est pas recommandée dans un environnement de production car elle présente un risque de sécurité potentiel.",module,Magento_Backend
"<strong style=""color:red"">Warning!</strong> When using Store Code in URLs, in some cases system may not work properly if URLs without Store Codes are specified in the third party services (e.g. PayPal etc.).","<strong style=""color:red"">Attention !</strong> Quand vous utilisez le code boutique dans les URLs, il est possible dans certains cas que le système ne fonctionne pas correctement si vous utilisez des services tiers dans lesquels vous avez spécifié des URLs sans le code boutique (ex. PayPal etc.).",module,Magento_Backend
"Web","Web",module,Magento_Backend
"Web Setup Wizard","Assistant Configuration web",module,Magento_Backend
"website(%1) scope","portée du site web (%1)",module,Magento_Backend
"Website","Site web",module,Magento_Backend
"Web Site","Site web",module,Magento_Backend
"[WEBSITE]","[SITE WEB]",module,Magento_Backend
"Web Site Information","Information site web",module,Magento_Backend
"We can't create a backup right now. Please try again later.","Nous ne pouvons pas créer une sauvegarde. Veuillez réessayer plus tard.",module,Magento_Backend
"We can't refresh lifetime statistics.","Nous n'avons pas pu rafraîchir les statistiques depuis le début.",module,Magento_Backend
"We can't refresh lifetime statistics.","Nous n'avons pas pu rafraîchir les statistiques depuis le début.",module,Magento_Backend
"We can't save the Cron expression.","Impossible de sauvegarder l'expression du CRON.",module,Magento_Backend
"We can't set up a URL rewrite because the category your chose is not associated with a website.","Impossible de définir la réécriture d'URL car la catégorie choisie n'est associée à aucun site web.",module,Magento_Backend
"We can't set up a URL rewrite because the product you chose is not associated with a website.","Impossible d'ajouter une réécriture d'URL car le produit sélectionné n'est associé à aucun site web.",module,Magento_Backend
"We could not detect a size.","Nous ne pouvons pas déterminer le poids du fichier.",module,Magento_Backend
"We couldn't create a backup right now. Please try again later.","Impossible de créer la sauvegarde. Veuillez réessayer plus tard.",module,Magento_Backend
"We couldn't find any records.","Aucun enregistrement trouvé.",module,Magento_Backend
"We couldn't find any records.","Aucun enregistrement trouvé.",module,Magento_Backend
"We don't recognize or support this file extension type.","Le type de fichier n'est pas reconnu ou n'est pas autorisé.",module,Magento_Backend
"Weekend Days","Jours de weekend",module,Magento_Backend
"Welcome","Bienvenue",module,Magento_Backend
"Welcome, please sign in","Bienvenue ! Veuillez vous connecter",module,Magento_Backend
"We updated lifetime statistic.","Nous avons mis à jour les statistiques depuis le début.",module,Magento_Backend
"What is this?","Qu'est-ce que c'est ?",module,Magento_Backend
"When the adapter was changed, please, flush Catalog Images Cache.","Quand l'adapter est changé, veuillez vider le cache des images catalogue.",module,Magento_Backend
"WK","Semaine",module,Magento_Backend
"Yes (301 Moved Permanently)","Oui (301 Document déplacé de façon permanente)",module,Magento_Backend
"Yes (302 Found)","Oui (302 Document déplacé de façon temporaire)",module,Magento_Backend
"Yes","Oui",module,Magento_Backend
"You can't delete the design change.","Vous ne pouvez pas supprimer le changement de design.",module,Magento_Backend
"You deleted the custom variable.","Variable personnalisée supprimée.",module,Magento_Backend
"You deleted the design change.","Changement de design supprimé.",module,Magento_Backend
"You deleted the store.","Vous avez supprimé la boutique.",module,Magento_Backend
"You deleted the store view.","Vous avez supprimé la vue magasin.",module,Magento_Backend
"You deleted the website.","Vous avez supprimé le site web.",module,Magento_Backend
"You did not sign in correctly or your account is temporarily disabled.","Erreur dans les paramètres de connexion ou votre compte est temporairement désactivé.",module,Magento_Backend
"You entered an invalid Secret Key. Please refresh the page.","La clé secrète fournie est invalide. Veuillez rafraîchir la page.",module,Magento_Backend
"You flushed the cache storage.","Vous avez vidé le cache.",module,Magento_Backend
"You have entered an invalid password for current user.","Mot de passe invalide.",module,Magento_Backend
"You have logged out.","Vous vous êtes déconnecté(e).",module,Magento_Backend
"You need more permissions to access this.","Vous avez besoin de permissions supplémentaires pour accéder à ceci.",module,Magento_Backend
"You need more permissions to do this.","Vous n'avez pas les droits nécessaires pour effectuer cette action.",module,Magento_Backend
"Your Password","Votre mot de passe",module,Magento_Backend
"You saved the account.","Compte sauvegardé.",module,Magento_Backend
"You saved the configuration.","Vous avez sauvegardé la configuration.",module,Magento_Backend
"You saved the custom variable.","Variable personnalisée sauvegardée.",module,Magento_Backend
"You saved the design change.","Vous avez sauvegardé le changement de design.",module,Magento_Backend
"You saved the store.","Boutique sauvegardée.",module,Magento_Backend
"You saved the store view.","Vue magasin sauvegardée.",module,Magento_Backend
"You saved the website.","Site web sauvegardé.",module,Magento_Backend
"You will have to log in after you save your custom admin path.","Vous devrez vous reconnecter après avoir enregistré le chemin personnalisé.",module,Magento_Backend
"You will have to sign in after you save your custom admin path.","Vous devrez vous reconnecter après avoir sauvegardé le chemin personnalisé.",module,Magento_Backend
"YTD","Depuis le début de l'année",module,Magento_Backend
"ZIP/Postal Code","Code postal",module,Magento_Backend